TIC ID,TFOPWG Disposition,Sectors
1715469662,PC,"14,26,40,41,53,54"
260761464,PC,"15,16,56"
238624131,PC,"17,57"
264912889,PC,"18,58"
96074951,PC,"19,44,59"
432078760,PC,"19,59"
428251130,PC,"18,19"
320281287,PC,"17,18,24,57"
426122503,PC,"14,40,41"
307201632,PC,"17,57,58"
63718617,PC,"18,58"
9136777,PC,"19,59"
26999884,PC,"17,24,57,77,84"
426122272,PC,"14,40,41,54,74,80,81"
298291597,PC,"14,15,41,55,81,82"
160585062,PC,"14,15,16,18,19,20,21,22,23,26,40,41,47,48,49,51,52,53,55,56,59,60,73,74,75,76,78,79,80,81,82"
160075684,PC,"14,19,20,21,26,40,41,47,52,53,73,74"
258776466,PC,"14,15,16,17,18,19,20,21,22,23,25,26,40,41,47,48,49,50,51,52,53,54,55,73,74,75,76,77,78"
198178859,PC,"15,16,18,19,21,22,23,24,25,48,49,51,52,55"
259238498,PC,"14,15,16,17,18,19,20,21,22,23,25,26,56,57,58,59,60,73,74,75,76,77,78"
27649847,CP,"7,34,44,45,46,71,72"
406941612,CP,"12,13,39,65,66"
92677094,PC,"14,40,54"
1870990135,PC,"14,40,41"
247172524,PC,"15,41,55"
202941251,PC,"15,41,54,55"
164260243,PC,"16,56"
244912396,PC,"14,41,54"
318836983,PC,"4,42,43,70,71"
14203588,PC,"14,15,41,55,81,82"
165337974,PC,"15,55,56,75,76"
287444302,PC,"15,16,56,82"
120487017,PC,"16,56,83"
455733237,PC,"17,57,84"
177494632,PC,"17,57,84"
354478327,PC,"17,57,84"
77258176,PC,"18,58,85"
22659404,PC,"17,58,85"
259381479,PC,"18,58,85"
422554579,PC,"17,18,24,57,58"
420177051,PC,"14,17,18,19,20,21,23,24,25,26,40,41,47,50,51,52,54"
1980725947,PC,"14,15,16,17,41,55,56,57"
259274960,PC,"14,15,16,17,18,19,20,21,22,23,24,25,40,41,47,48,49,50,51,52,53,54,55,56,57,58,59,60"
229605891,PC,"14,15,16,17,18,19,20,21,22,23,24,25,40,47,48,49,50,51,52,53,54,55"
164783371,PC,"14,40,41,53,55,74,75"
160428500,PC,"15,55,56,82"
298658399,PC,"15,55,56,82"
120313529,PC,"14,26,40,41,53,54,80,81"
425706173,PC,"14,40,41,54,80,81"
41839508,PC,"14,40,53,54,74,80,81"
305026599,PC,"14,41,54,55,81"
184527843,PC,"14,41,54,55,74,75,81,82"
233533589,PC,"14,15,17,18,19,20,22,23,24,25,26,40,47,48,49,50,52,53,54,55,56,57,58,59,60,73,74,75,77,78,79,80,81,82,83,84,85"
210337597,PC,"14,15,41,55,82"
256783400,PC,"15,16,56,83"
255998336,PC,"14,15,16,41,55,56,75,76,82,83"
373196394,PC,"15,55,56,75,76,82,83"
352409708,PC,"17,57,84"
440001383,PC,"17,57,84"
127426341,PC,"17,57,84"
191373021,PC,"17,57,84"
61520064,PC,"17,85"
186530554,PC,"17,85"
305830609,PC,"17,57,58,84,85"
194736418,CP,"18,58,86"
56662591,PC,"9,35,62"
110795273,PC,"7,34,61,88"
110795273,PC,"7,34,61,88"
55871761,PC,"7,34,61,88"
148479278,PC,"6,7,33,34,61,87"
329373799,PC,"16,17,56,57"
306990399,PC,"12,13,39"
287934343,PC,"14,41,54"
200606159,PC,"16,56,57"
330665027,PC,"16,56"
406783172,PC,"16,17,24,57"
314193010,PC,"13,66"
441076258,PC,"1,28,68"
254296853,PC,"2,29,69"
344855300,PC,"17,24,57,58,77,78"
17925767,PC,"15,56,82,83"
229650439,CP,"14,15,16,17,18,19,20,21,23,24,25,26,40,41,47,48,49,50,51,53,54,55,56,57,58,60,73,74,75,76,78,79,80,81,83,84,85"
229650439,CP,"14,15,16,17,18,19,20,21,23,24,25,26,40,41,47,48,49,50,51,53,54,55,56,57,58,60,73,74,75,76,78,79,80,81,83,84,85"
280097543,PC,"1,2,13,27,28,29,39,66,67,68"
179582003,PC,"2,3,5,6,7,8,9,10,11,12,13,27,28,29,30,32,33,34,35,36,37,38,39,61,62,63,64,65"
44647437,PC,"4,5,31"
155873992,PC,"14,20,40,41,47,60"
102713734,CP,"19,59"
143642240,PC,19
217933560,PC,"12,39"
127505658,PC,"19,43,44,45,59"
387527174,PC,"16,17,18,19,24,25,49,52,56,57,58,59,73,76,77,78,79,83,84,85"
300812741,CP,"1,2,3,5,6,7,8,9,10,11,12,13,27,28,29,30,31,32,33,35,36,37,38,39,61,62,63,65,66,67,68,69"
300812741,CP,"1,2,3,5,6,7,8,9,10,11,12,13,27,28,29,30,31,32,33,35,36,37,38,39,61,62,63,65,66,67,68"
362222177,PC,"14,17,18,19,20,21,23,24,25,26,40,41,47,48,50,51,52,53,54,57,58"
229172128,PC,"6,33,87"
258514800,CP,"15,16,17,18,19,22,24,25,26,49,52,56,57,58,59,60,73,76,77,78"
85031598,PC,"19,59,73,86"
14336130,CP,"20,47,60,73"
149833117,PC,"20,47,60,73"
2685481,PC,"19,43,44,45,59,71,73,86"
278726770,PC,"1,2,3,4,5,6,8,9,10,11,12,13,27,28,29,30,31,32,33,34,35,36,37,38,39,61,62,63,64,65,66,67,68"
459837008,CP,"19,20,25,26,40,52,53,59,60"
459837008,CP,"19,20,25,26,40,52,53,59,60"
54002556,PC,"3,30"
305048087,CP,"2,29,69"
4646810,CP,"4,31"
47316976,PC,"2,28,68"
312862941,PC,"17,18,58"
63698669,PC,"2,29,69"
280865159,PC,"1,3,4,5,6,7,8,10,11,12,13,27,28,30,31,32,33,34,35,36,37,38,61,62,63,64,65,66,67,68"
161299119,PC,"12,39"
369532319,PC,"16,56,83"
467484304,PC,"10,11,37,38"
233266582,PC,"14,16,54,55,56,74,75,76"
142385671,PC,"14,15,21,22,41,48,49,75,76"
237019002,PC,"15,17,24,41,55,56,57,75,76,77"
196201652,PC,"15,16,41,55,56,75,76,82,83"
20607624,PC,"14,26,40,41,53,54,74,80,81"
269130683,PC,"14,15,41,54,55,74,75,81,82"
160512852,PC,"15,55,56,82"
219852882,CP,"14,15,16,17,18,19,20,21,22,23,24,25,26,40,41,47,48,49,50,51,52,53,54"
219852882,CP,"14,15,16,17,18,19,20,21,22,23,24,25,26,40,41,47,48,49,50,51,52,53,54"
176314383,CP,"5,32"
467331291,CP,"17,18,19,24,25,26,52,58,59"
259233660,CP,"14,15,16,17,18,19,20,21,22,23,24,25,26,40,47,48,49,51,52,53,54,55"
372207328,CP,"16,17,18,24,58"
260767135,PC,"15,16,56,82"
334798754,PC,"15,16,17,19,20,22,23,24,25,26,40,47,49,50,51,52,53,54,55,56,57,58,59,60,73,74,76,77,78,79,80,81,82"
160103855,PC,"15,55,56,82"
160255140,PC,"15,55,56,82"
276909255,PC,"15,16,41,55,56,57,75,76,77,82"
99025225,PC,"14,41,55,81,82"
167631701,PC,"15,16,55,56,75"
233266797,PC,"14,16,54,55,56,74,75,76"
343774169,PC,"16,17,57,77"
420191136,PC,"16,56,57,76,77,83,84"
279331929,PC,"14,41,54,81"
287948915,PC,"14,41,54,55,81"
298189225,PC,"14,15,41,55,81,82"
271017537,PC,"17,18,57,58,77,78,84,85"
153951307,CP,"14,15,21,22,41,49,74,76"
153951307,CP,"14,15,21,22,41,49,74,76"
138588540,PC,"14,15,21,41,48,75"
153976959,PC,"14,15,41,48,49,75,76"
286916251,CP,"15,16,22,23,49,76"
198153540,CP,"16,22,23,49,50,76,77"
198153540,CP,"16,22,23,49,50,76,77"
165763244,PC,"16,22,49,50,51,76,77,78"
405559035,PC,"16,22,23,24,49,50,51,77,78"
417931300,CP,"14,15,21,22,41,48,75"
233182695,PC,"14,15,16,21,22,41,47,48,49,74,76"
224298134,PC,"15,22,41,48,75"
224298134,PC,"15,22,41,48,75"
393965778,PC,"16,23,49,50,76,77"
284679064,PC,"15,22,48,49,75,76"
313006381,PC,"14,20,26,40,47,53,60,74"
202425357,PC,"15,16,22,23,48,49,50,75,76"
137843225,PC,"15,16,22,23,49,50,76,77"
467158766,PC,"20,47,74"
147923561,PC,"14,20,21,40,41,47,48,74,75"
53481079,PC,"21,48,75"
224297408,PC,"15,22,48,49,75,76"
310380289,PC,"16,49,50,76,77"
112037211,PC,"11,38"
297950791,PC,"12,39"
23434737,CP,"9,10,36,63"
256778317,PC,"16,56,83"
406548952,PC,"14,41,55,81,82"
148782377,PC,"16,23,50,77"
274215536,PC,"20,60,73"
230088370,PC,"14,15,17,18,19,20,21,22,23,24,25,26,40,41,47,48,49,50,51,52,54,55,56,57,58,59,60,73,74,75,76,77,78,79,80"
237222864,CP,"14,15,16,17,19,20,21,22,23,24,25,26,40,41,47,49,50,51,52,53,54,55,56,57,58,59,60,73,74,75,77,78,79,80,81,83,84,85,86"
230017324,PC,"14,15,16,17,18,19,20,21,23,24,25,26,40,41,47,48,49,50,51,52"
269701147,CP,"15,16,17,18,19,21,22,24,25,41,48,49,51,52,55,56,59,60,73,75,76,77,78,79,82,83,85,86"
269701147,CP,"15,16,17,18,19,21,22,24,25,41,48,49,51,52,55,56,59,60,73,75,76,77,78,79,82,83,85,86"
269701147,CP,"15,16,17,18,19,21,22,24,25,41,48,49,51,52,55,56,59,60,73,75,76,77,78,79,82"
364186197,CP,"16,17,18,19,24,25,52,57,58,59,73,76,77,78,79,84,85,86"
232982558,CP,"14,15,16,17,18,19,20,21,22,23,24,25,26,40,41,47,48,49,50,51,52,53,54,55,56,57,58,59,60,73,74,75,76,77,78,79,80,81,82,83,13112,50,86"
237232044,CP,"14,16,17,18,19,20,23,24,25,26,40,47,49,50,52,53,54,57,58,59,60,73,74,76,77,78,79,80,84,85,86"
264678534,CP,"18,19,20,25,26,40,52,53,58,59,60,73,78,79,85,86"
317597583,CP,"17,18,19,24,25,52,58,59,78,79,85,86"
266500992,PC,"19,59,86"
353782445,PC,"14,15,16,17,18,19,20,21,22,23,24,25,26,40,41,47,48,49,51,52,53,54,55,56,57,58,59,73,74,75,77,78,79,80,81,82,83,84,85,86"
428679607,CP,"19,20,25,26,52,53,59,60,73,79,86"
321041369,PC,"19,59,73"
230377505,PC,"14,15,16,17,18,19,20,21,22,23,24,25,26,40,41,47,49,50,51,52,53,54,56,57,58,59,60,73,74,76,78,79,80,81,83,84,85,86"
230377505,PC,"14,15,16,17,18,19,20,21,22,23,24,25,26,40,41,47,49,50,51,52,53,54,56,57,58,59,60,73,74,76,78,79,80,81,83,84,85,86"
408618999,CP,"18,19,25,52,58,59,79,86"
229455001,CP,"14,15,16,17,18,19,20,21,23,25,26,40,41,47,48,49,50,51,53,54,55,56,57,58,59,60,73,74,75,76,77,80,81,82,83,84,85,86"
233071822,PC,"14,15,16,17,18,19,20,21,22,23,24,25,40,41,47,48,49,50,51,52,54,55,56,58,59,60,75,76,77,78,79,81,82,83,85,86"
287080092,CP,"15,16,17,18,19,20,21,22,23,24,25,26,40,41,47,48,49,50,51,52,53,54,55,56,57,58,59,74,75,76,77,78,79,81,82,83,84,85"
428988981,PC,"18,19,24,25,26,52,58,59,73,78,79,85"
274641986,PC,"14,15,41,54,55"
400093502,PC,"19,20,26,53,59,60,73"
418301643,PC,"17,18,19,24,25,52,57,58,59,77,78,79,84,85"
428812049,PC,"19,20,25,26,52,53,59,60,73,79,86"
52368076,PC,"1,2,28,68,69"
405454160,PC,"8,35"
407126408,PC,"12,13,65,66"
254113311,CP,"13,27,67"
254113311,CP,"13,27,67"
365938305,PC,"14,20,21,40,41,47,48,60,74"
249945230,PC,"18,58"
251384275,PC,"18,58"
219860288,CP,"15,16,17,18,19,20,21,22,23,24,25,26,40,41,47,48,49"
198385543,CP,"17,20,23,24,25,26,40,47,50,51,52,53,54,58"
384159646,PC,"12,13,39"
242120884,PC,"11,38,64"
58463434,PC,10
153078576,CP,"3,4,30,31"
394346745,PC,"1,12,13,27,28,39"
186936449,PC,"8,35,62"
423393242,PC,"9,36"
94011343,PC,"10,37"
456962262,PC,"11,64,65"
83395136,PC,"11,38"
456560485,PC,13
198725468,PC,"14,40,53,54"
120101789,PC,"14,40,41,53,54"
239585909,PC,"15,55,56"
154105890,PC,"14,15,20,21,22,40,41,47,48,49"
420114036,PC,"14,15,16,17,19,20,21,22,23,24,25,26,40,41,47,49,50,51,52"
359388309,PC,"14,15,16,17,18,19,20,21,22,23,24,25,26,40,41,47,48,50,51,52,53,54,55,56"
280726137,PC,"1,13,27,66,67"
278196907,PC,"4,7,11,12,13,27,34,37"
303586471,PC,"2,29,69"
193336820,CP,"14,15,41,55,56,75,76,82"
463011281,PC,"9,10,36,37"
412485680,PC,"11,37,38"
301900477,PC,"12,39"
384386062,PC,"12,13,39"
221656234,PC,"12,39"
378708888,PC,"14,15,41"
436007113,PC,"14,15,41"
7681574,PC,"14,25,26,40,41"
389040826,PC,"8,35,45,46"
9989136,PC,"20,47,60"
198162530,PC,"14,15,16,17,18,19,21,22,23,24,25,47,48,49,50,51,52,54,55"
276704866,PC,"14,15,16,41,55"
139314045,PC,"9,10,36,37,63"
3728481,PC,"12,39,65"
377771417,PC,"10,11,36,37,63,64"
398945279,PC,"10,37,64"
392027961,PC,"11,37,38,64,65"
412666676,PC,"12,39,66"
343717397,PC,"12,13,39,66"
79660831,PC,"13,27,67"
253788533,PC,"13,67"
443607377,PC,"9,36,45,46,72"
21035365,PC,"19,59,73"
125366299,PC,"15,55,56,75"
286923515,PC,"15,16,22,49,76"
405689470,PC,"14,15,26,40,53,54,55,74,75,80,81,82"
270494650,PC,"14,15,16,20,21,22,23,26,40,41,47,48,49,53,56,60,74,75,76,80,83"
240535286,PC,"15,16,56,76,83"
224603921,PC,"14,15,16,17,18,19,20,21,22,23,24,25,26,40,41,47,48,49,50,51,52,53,54,55,56,57,58,59,60,73,74,75,76,77,79,80,81,82,83,84,13368,56"
417829948,PC,"20,47,74"
198390247,CP,"14,15,16,17,19,20,21,22,23,24,25,26,40,41,47,49,50,51,52,53,54,56,57,59,60,73,74,75,76,77,78,79,80,81,82,83"
219857012,CP,"15,16,17,18,19,20,21,22,23,24,25,26,40,47,48,49,50,51,52,53,54,55,56,58,59,60,73,74,75,76,77,78,79,80,81,82,83,85,86"
207468071,CP,"16,23,24,25,49,50,51,52,56,76,77,78,79"
154872375,CP,"14,19,20,21,26,40,47,53,59,74,79,86"
156724719,PC,"19,59,73,86"
102672709,PC,"19,59,73"
159418353,CP,"14,19,20,21,25,26,40,41,47,48,52,53,59,73,74,75,79,86"
10792081,PC,"18,24,25,52,58,78,79,85,86"
144006874,PC,"19,59,73,86"
122629761,PC,"19,59,73,86"
54962195,CP,"9,35,62"
174599051,PC,"7,8,34,61"
39699648,CP,"21,47"
445456888,PC,"7,8,9,33,34,35,36,61,62"
269400980,PC,"7,9,34,35,61"
131730580,PC,"9,10,36,62,63"
307210830,CP,"2,5,8,9,10,11,12,28,29,32,35,36,37,38,39,61,62,63,64,65,69,87"
307210830,CP,"2,5,8,9,10,11,12,28,29,32,35,36,37,38,39,61,62,63,64,65,69"
156987351,PC,"6,7,8,33,34,61,87"
151825527,CP,"9,10,36,63"
271971130,CP,"1,2,3,4,5,6,7,8,9,10,11,12,13,27,29,30,31,32,33,34,35,36,37,39,61,62,63,64,65,66,67,68,69"
374829238,PC,"2,3,6,7,9,10,12,13,27,29,30,33,34,36,37,39,61,62,63,64,65"
350584963,PC,"1,2,3,4,5,6,7,8,10,11,12,13,27,28,29,30,31,32,33,34,35,36,37,38,39,61,62,63,64,65,67,68"
41227743,PC,"1,2,4,5,6,7,8,10,11,13,27,28,30,31,32,33,34,35,36,37,38,62,63,64,66,67,68,69"
232025086,PC,"5,6,7,32,33,34,61"
361413119,PC,"9,10,36,37"
360286627,PC,"9,10,36,37,62"
406976746,PC,"12,13,39,65"
467666275,PC,"10,11,37,64"
359357695,PC,"11,12,38,39"
382980571,PC,"11,37,38,64,65"
242083025,PC,"11,37,64"
162695785,PC,"11,37,38,64"
47617161,PC,"11,38,65"
371188886,CP,"9,10,11,36,37,38,63,64,65"
118084044,PC,"8,9,10,35,36,37,61,62,63"
147660886,PC,"10,63"
88902249,CP,"11,38,65"
401125028,CP,"8,9,35,36,62,63"
126572546,PC,"8,9,35,36"
238542895,PC,"7,8,9,34,35,36"
283307274,PC,"8,34,35"
334482103,PC,"7,34,44,45,46"
119925436,PC,"10,36,37,63,64"
372818426,PC,"2,3,4,5,9,12,29,30,31,32,39"
372852036,PC,"1,2,3,4,5,6,7,9,10,11,12,13,27,28,29,30,31,32,33,34,36,37,38"
33840683,PC,"1,2,3,4,5,6,7,8,9,10,11,12,13,27,28,29,30,31,32,33,34,35,36,37,38,39,61,62,63,64,65"
459850897,PC,"10,37,63,64"
334632624,PC,"8,35,62"
238164799,PC,"6,7,8,33,35,61,62"
413343957,PC,"12,38,39,65"
315350812,PC,"11,38,65"
394918211,CP,"11,12,13,38,39,65,66"
400972123,PC,"10,11,37,38,64,65"
107018378,PC,"10,37,63"
258917846,PC,"11,37,38,64"
271169413,CP,"11,38,64"
46698351,PC,"12,38,39,65"
181422954,PC,"8,35"
394223845,PC,"8,34,35"
446135868,PC,"9,36,62,63"
441234277,PC,"9,10,36,37"
399847887,PC,"10,11,37,38"
454828937,PC,"11,12,37,38"
412635642,PC,"11,37,38,64,65"
400073524,PC,"10,11,37,38"
420202798,PC,"11,37,38,64,65"
453942180,PC,"10,11,37,38,63,64,65"
304085024,PC,"9,10,11,36,37,38,63,64,65"
182405015,PC,"8,61,62"
198390247,CP,"14,15,16,17,19,20,21,22,23,24,25,26,40,41,47,49,50,51,52,53,54,56,57,59,60,73,74,75,76,77,78,79,80,81,82,83,84,85,86"
89020549,CP,"1,28,68"
118327550,CP,"2,29,69"
102030574,PC,"2,29"
224271611,PC,"2,29,69"
131743355,PC,"7,8,34,35,61,62"
198008005,CP,"3,4,29,30,31,69"
122695048,PC,"19,59,73"
356747847,PC,"11,12,38,64,65"
176956893,CP,"1,2,4,5,6,7,8,9,10,11,12,27,28,29,31,32,34,35,36,37,38,39,61,62,64,65,66,67,68,69,87"
420051632,PC,"4,31,70"
308396509,PC,"1,2,4,5,7,8,9,10,11,12,27,28,31,32,34,35,36,37,38,61,62,63,64,65,68,69"
97165413,PC,"6,7,33,34,61"
189300053,PC,"8,35,62"
147193084,PC,"9,10,36,63"
144321743,PC,"10,37,64"
366119858,CP,"14,18,25,26,40,41,48,52,53,54,55,58,74,75"
75744886,PC,"8,9,35,36"
437259571,PC,9
426904354,PC,"12,39,65"
344568128,PC,"10,11,37,38"
154940895,PC,"19,20,25,26,40,47,52,53"
302054555,PC,"12,13,39"
258409964,PC,"12,38,39,65"
361467239,PC,"12,39,66"
393340920,PC,"8,9,35,36,61,62"
35106764,PC,"11,12,38"
246965431,CP,"18,42,43,58"
461591646,CP,"18,19,20,25,26,52,59"
124174267,PC,"10,37"
217838717,PC,"12,39"
289590465,PC,"14,15,17,18,19,20,21,22,23,24,25,26,40,41,47,48,49,50,51,52,53,54,55,57,58,60"
122418622,PC,"8,10,35,36"
221566773,PC,"12,39,66"
277447970,PC,"15,16,56,57,76,77,83,84"
455791689,PC,"16,17,57,83,84"
274075364,PC,"14,15,41,55"
157213708,PC,"10,36"
448775221,PC,"11,12,38,39"
421056636,PC,"12,39,66"
198356533,CP,"14,15,16,17,18,19,20,21,22,23,24,25,26,40,41,47,48,49,50,51,52,53,54,55,56,57,58,59,60,73,74,75,76,77,78,79,80,81,82,83,13112,50"
352413427,CP,"17,57,84"
15692883,CP,"17,57,84"
202375913,PC,"17,57,84"
233009109,PC,"15,16,17,18,19,20,21,22,23,24,25,26,40,41,47,48,49,50,51,52,53,54,55,56,57,58,59,60,73,74,75,76,77,78,80,82,83,84,85,86"
310497279,PC,"9,10,36,63"
439943973,PC,"17,57,84"
174328045,CP,"17,57,84"
254209017,PC,"13,27,67"
233194447,PC,"14,15,17,18,20,21,23,24,25,26,40,41,47,48,50,51,52,53,54,55,56,57,59,60,73,74,75,77,78"
177697418,PC,"17,57,84"
173706852,PC,"16,17,57,83,84"
173615288,PC,"16,17,57,84"
202648961,PC,"17,57,84"
291732201,PC,"17,57,84"
199296714,PC,"16,56,57,76,77,83,84"
259188347,PC,"16,57,83,84"
302477411,PC,"18,58,85"
279871772,PC,"17,18,57,58,77,78,84,85"
285592400,PC,"18,24,25,58,85"
422707559,PC,"17,18,24,25,57,58,77,78,84,85"
13036318,PC,"17,18,24,57,58,77,78,84,85"
436875993,PC,"18,42,43,44,58,85"
264193444,PC,"17,18,19,24,25,26,52,53,58,59,60,73,78,79,85"
347018922,PC,"17,24,57,58,77,78,84,85"
192321638,PC,"18,58,85"
450012972,PC,"17,18,24,57,58,85"
250478345,PC,"18,58,85"
335037151,PC,"16,17,18,24,57,77,78,84,85"
467602108,PC,"18,42,43,44,58,85"
196389062,PC,"17,57,84,85"
470898625,PC,"18,58,85"
245665919,PC,"18,58,85"
374122973,PC,"18,85"
104153474,PC,"18,58,85"
418262301,PC,"17,18,19,24,25,52,57,58,59,73,77,78,79,84,85"
327249454,PC,"17,18,24,57,58,77,78,84,85"
347944406,PC,"18,58,85"
130087198,PC,"18,58,85"
196351790,PC,"17,57,58,84,85"
48476908,PC,"9,35,36,62,63"
405700729,PC,"11,37,38,64"
359426909,PC,"11,12,38"
107017977,PC,"10,37"
61621800,PC,"13,27,67"
411955845,PC,"13,27,67"
274911536,PC,"9,10,36,37"
441763252,PC,"14,15,16,17,18,19,20,21,22,23,24,25,41,48,49,50,51,52,53,54,55,56"
17122808,PC,"21,48"
76899250,PC,"13,39,66"
459837008,PC,"19,20,25,26,40,52,53,59,60"
323295479,PC,"11,12,13,38,39,65,66,67"
275703182,PC,"18,19"
742648307,PC,"20,47,60"
154126149,PC,"14,15,21,22,41,47,48,49"
7583660,PC,"14,25,26,40,41"
329346586,PC,"14,25,40,41,52"
387544178,PC,"4,31,42,43,44"
21132157,PC,"18,42,43,44,58,70"
5724439,PC,"18,42,58"
335661164,PC,"14,15,19,20,21,26,40,41,47,48,53,60,73,74,75"
164767175,CP,"3,30"
150030205,CP,"1,2,3,4,5,7,8,9,10,11,12,13,27,28,29,30,31,32,33,34,35,36,37,38,39,61,62,63,64,65,66,67,68"
150030205,CP,"1,2,3,4,5,7,8,9,10,11,12,13,27,28,29,30,31,32,33,34,35,36,37,38,39,61,62,63,64,65,66,67,68,69"
153065527,CP,"3,4,30,31"
153065527,CP,"3,4,30,31"
260708537,CP,"1,2,3,4,5,6,8,9,10,11,12,13,27,28,29,30,31,32,33,34,35,36,37,38,39,61,62,63,64,65,66,67,68,69"
407966340,CP,"5,32,43,44,70,71"
407966340,CP,"5,32,43,44,70,71"
35009898,CP,"9,36,45,46,62,72"
54962195,CP,"9,35,62"
124573851,CP,"9,35,62"
359271092,CP,"9,10,36,37,62"
130924120,CP,"10,37,64"
178709444,CP,"10,36,37"
277634430,CP,"10,11,12,37,38"
429358906,CP,"10,36,63"
219344917,CP,"4,5,6,31,32"
305424003,CP,"12,39"
332534326,CP,"5,31"
443556801,CP,"6,33"
192259856,PC,"8,9,35"
287145649,CP,"9,36"
452006073,CP,"10,37"
305739565,CP,"11,37"
358070912,CP,"2,6,13,27,28,29,63,66,67,68,69"
306648160,CP,"12,13"
391903064,CP,"1,2,3,4,5,6,7,8,9,10,11,12,13,27,28,29,30,31,32,33,34,35,36,37,38,39,61,62,63,64,65,66,67,68"
308073360,CP,"21,45,46,48"
165464482,CP,"15,16,22,49"
23769326,CP,"16,23,49,50"
470171739,CP,"18,19,24,25,26,53,58,59,60,79"
404518509,CP,"3,4,30,31"
239332587,CP,"15,41,55,56,75,76,82"
307958020,CP,"14,15,16,17,18,19,20,21,22,23,24,25,26,40,41,47,48,49,50,51,52,53,55,56,58,59"
436873727,CP,"18,42,43,44,58,70,71"
361711730,CP,"12,39"
69356857,CP,"14,40,41"
58825110,CP,"17,42,43"
407591297,CP,"21,48"
71582156,CP,"20,26,47,53,60"
4918918,CP,"21,48"
40292751,CP,"14,40,41,54,74"
102734241,CP,"14,41,54,55"
286201103,CP,"15,16,41,55,56"
327369524,CP,"17,18,24,57"
419523962,CP,"17,18,24,58"
261135533,CP,"16,56"
97921547,CP,"7,33,34,61"
75650448,CP,"11,38,65"
154089169,CP,"14,15,21,22,41,48,49,74,75"
158002130,CP,"14,19,20,21,26,40,41,47,48,53,59,60,73,74,75,79"
233087860,CP,"14,15,16,17,18,19,20,21,22,24,25,26,40,41,47,48,49,50,51,52,53,54,55,56,57,58,59,60,73,75,76,77,78,79,80,81,82"
147950620,CP,"14,20,21,40,41,47,48,74,75"
299798795,CP,"1,13,27,28,39,66,67,68"
299798795,CP,"1,13,27,28,39,66,67,68"
219850915,CP,"14,15,16,17,19,20,21,22,23,24,25,26,40,41,47,49,50,51,52,53,54,59"
232540264,CP,"14,15,16,20,21,22,26,40,41,47,49,53,56,60,74"
232612416,CP,"14,15,16,17,18,19,20,21,22,23,24,25,26,40,41,47,48,49,50,51,52,53,55,56,58,59"
232976128,CP,"14,15,21,22,41,48,49,75"
198241702,CP,"14,15,16,17,18,19,20,21,22,23,24,25,26,40,41,47,48,49,50,51,52,53,54,55,56,57,58,59,60"
224297258,CP,"15,21,22,41,48,49"
219852584,CP,"14,15,16,17,18,19,20,21,22,23,24,25,26,40,41,47,48,49,50,51,52,53,54,55"
356867115,CP,"14,15,16,17,18,19,20,21,23,24,25,26,40,41,47,48,49,50,51,53,54,55,56,57,58,60"
229747848,CP,"14,15,16,17,19,20,21,22,23,24,25,26,40,41,47,49,50,51,52,53,54,55,56,57,58,59,60"
229747848,CP,"14,15,16,17,19,20,21,22,23,24,25,26,40,41,47,49,50,51,52,53,54,55,56,57,58,59,60"
199444169,CP,"16,56"
321857016,CP,"16,24,56"
343628284,CP,"15,16,57"
377293776,CP,"14,15,16,17,19,20,21,22,23,24,25,26,40,41,47,49,50,51,52,53,54,55"
240968774,CP,"17,18,58"
306955329,CP,"17,57,58"
288631580,CP,"14,18,19,20,24,25,26,40,41,47,52,53,58,59,60"
58542531,CP,"19,43,44,70,71"
268334473,CP,"19,20,25,26,40,47,52,53,59,60,73,79"
71431780,CP,"20,26,47,73"
289580577,CP,"14,15,16,18,19,20,21,22,23,24,25,26,40,41,47,48,49,50,51,52,53,54,55,56,58,59,60"
367858035,CP,"18,19,24,25,52,58,59,78"
137906197,CP,"21,48,74"
85293053,CP,"21,48"
9348006,CP,"21,48"
29191624,CP,"21,48"
160045097,CP,"14,20,21,22,40,41,47,48,53,60"
160045097,CP,"14,20,21,22,40,41,47,48,53,60"
142381532,CP,"14,15,21,22,41,48,49,75"
142387023,CP,"15,21,22,41,48,49,75"
348755728,CP,"8,35,61"
445903569,CP,"9,10,36,62,63"
441765914,CP,"14,15,16,17,18,19,20,21,22,24,25,26,40,41,47,48,49,50,51,52,53,54,55,56,57,58,59,60"
446549906,CP,"13,27"
389900760,CP,"18,24,25,52"
289164482,CP,"14,26,40,53,54"
394287035,CP,"1,13,27,28,39"
268532343,CP,"3,30"
399967279,CP,"5,42,43,44,70,71"
144077896,PC,"10,37,64"
376867898,PC,"14,15,16,17,19,20,21,22,23,24,25,26,40,41,47,49,50,52,53,54,55,56,57,58,59,60,73,74,75,76,77,79,80,81"
123234747,PC,"14,26,40,41,53,54,74,80"
377253700,PC,"14,15,16,17,18,19,20,21,22,23,24,25,26,40,41,47,49,50,51,52,53,54,56,57,58,59,60,73,74,76,78,79,80,81"
336264393,PC,"14,26,40,41,53,54,74,80,81"
157808355,PC,"14,53,54,74,80,81"
288953761,PC,"14,40,53,54,74,80,81"
267817947,PC,"14,15,16,20,23,40,41,47,50,54,55,56,57,60,73,74,75,76,77,81,82"
267808774,PC,"14,15,16,20,23,40,41,47,50,53,54,55,56,57,60,73,74,75,76,77,81,82"
233735354,PC,"14,15,16,17,18,19,20,21,22,23,24,25,26,40,41,47,48,49,50,51,52,53,54,55,56,57,58,59,60,73,74,75,76,77,78,79,80,81,82"
421330229,PC,"14,15,16,23,26,40,41,49,53,54,55,56,57,59,60,73,74,75,76,80,81,82"
315120585,PC,"8,9,35"
310994622,PC,"14,15,21,22,41,48,49"
411731278,PC,"11,38,65"
405837291,PC,"14,15,16,41,54,55,56,57,74,75"
219809549,PC,"14,15,16,18,19,20,21,22,23,25,40,41,48,49,50,52,53,55,59,60,73,74,75"
375192273,PC,"15,17,56,57,76,77,82"
202059363,PC,"6,33"
445276138,PC,"17,18,58,85"
289345412,PC,"15,16,56,75,76,82,83"
129198098,PC,"16,56,83"
259415341,PC,"15,16,55,56,75,82,83"
160652910,PC,"15,55,56,82,83"
236644754,PC,"15,16,56,83"
395790368,PC,"15,16,56,76,83"
237101326,PC,"14,15,16,17,19,20,21,22,23,24,25,40,41,47,49,50,51,52,53,54,55,56"
219824470,PC,"16,22,23,49"
7976072,PC,"8,34"
348684814,PC,"8,35,61"
138329479,PC,"19,20,25,26,40,52"
408137826,PC,"5,32"
20299658,PC,"5,6,32,33"
102840239,CP,"9,36,63"
102840239,CP,"9,36,63"
420108587,PC,"14,15,16,17,18,19,20,21,22,23,24,25,26,40,41,47,48,49,50,51,52,54,55,56"
79605791,PC,"12,39"
269341832,PC,"7,9,34,35,61,62"
293547742,PC,"8,9,35,36,62"
238317637,PC,"7,9,34,35,61,62,90"
238124845,PC,"6,7,8,33,34,35,61,62"
374908396,PC,"1,3,4,6,7,10,11,13,27,30,31,33,34,36,37,61,62,63,64,65"
350821320,PC,"1,2,3,4,5,6,7,8,9,10,11,12,13,27,28,29,30,31,32,33,34,35,37,38,39,61,62,63,64,65,66,67,68"
140893722,PC,"1,2,3,4,5,6,8,9,10,11,12,13,61,62,63,64,65,66,68,69"
29953537,PC,"8,9,35,36,62"
398466662,PC,"10,11,37,38"
322160664,PC,"19,59,73"
373612558,PC,"20,47,60"
245793479,PC,"5,32,43,44,70,71"
444977814,PC,"20,47,74"
419524589,PC,"17,18,24,58,78"
408548144,PC,"19,20,25,40,47,52,53,59,60,73,74,79"
468350765,PC,"18,19,25,26,52,58,59,73,78,79"
7562528,PC,"7,34,61"
13737885,PC,"8,34"
171922657,PC,"20,44,45,60"
46627476,PC,"6,32"
150063444,PC,"1,2,3,4,5,7,8,9,10,11,12,13,27,28,29,30,31,32,33,34,35,36,37,38,39,61,62,63,64,65,66,67,68,69"
363040636,PC,"14,41,54,55,81"
89362689,PC,"14,40,41,54,74,81"
394924803,PC,"14,40,41,54,74,81"
407135911,PC,"14,40,54,74,80,81"
289047954,PC,"14,54,55,81,82"
274057129,PC,"15,16,55,56,75,76,82"
297413553,PC,"15,16,55,56,75,76,82"
276385231,PC,"15,16,17,41,55,57,75,76,77,82"
63232997,PC,"15,16,56,76,82"
170440216,PC,"14,15,41,54,55,74,75,81,82"
298189384,PC,"14,15,41,55,81,82"
452741216,PC,"15,56,82"
199417958,PC,"14,15,41,55,81,82"
62501513,PC,"15,16,82"
42110638,PC,"14,15,41,54,55,75,81,82"
418543326,PC,"15,55,56,82"
372077289,PC,"15,16,56,76,82"
287768299,PC,"15,16,82"
265887000,PC,"15,41,55,82"
427855645,PC,"15,16,56,76,82"
40093986,PC,"14,15,41,54,55,75,81,82"
436222251,PC,"14,15,41,55,81,82"
193081156,PC,"14,15,41,55,56,75,76,81,82"
352301423,PC,"14,15,16,17,40,41,47,50,54,55,56,57,60,74,75,76,77,81,82"
323407659,PC,"16,18,24,57,77,78,84,85"
309133240,PC,"18,58,85"
274151135,PC,"12,13,27,39,65,66,67"
219041246,CP,"16,22,23,49"
47601197,PC,6
409264172,PC,"7,33,34"
65440953,PC,18
157081737,PC,"6,7,33,34,61"
170434745,PC,"8,61"
143526233,PC,"7,8,34,61"
38584799,PC,"1,2,3,4,5,6,7,8,9,10,11,12,13,27,28,29,30,31,32,33,34,35,36,37,38,39,61,62,63,64,65"
269849065,PC,"1,8,12,65,66,67,68"
364267778,PC,"3,7,8,9,10,13,27,30,33,34,36,37,61,62,63,67,68"
30853990,PC,"1,2,3,4,5,6,7,8,10,11,12,13,61,62,64,65,66,67,68"
35652085,PC,"9,36,62,63"
239134248,PC,"20,44,45,46,47,60"
394672497,PC,"11,12,38,39,65"
368734712,PC,"18,24,25,52"
172222885,PC,"20,43,44,45,60,71,72"
119292328,CP,"6,7,33"
144628120,PC,"7,8,34"
399195246,PC,"10,11,37,38,64,65"
189852832,PC,20
458995583,PC,"10,36,37"
464388115,PC,"9,10,36,37"
353498819,PC,"20,47"
55778666,PC,"15,21,22,41,48"
317189702,PC,"6,32,33"
107090327,PC,"7,34"
157769780,PC,"14,20,26,40,47,60"
272994016,PC,"19,59"
294434193,PC,"6,33,43,45,71,72"
443823169,PC,"7,34,44,45,46,61,71,72"
88485645,PC,"20,47,60"
344927749,PC,"8,35,45,46,62,72"
170466784,PC,"7,34,61"
306249066,PC,"10,37,63,64"
397924314,PC,"18,24,25,52,58"
17683158,PC,"8,35"
446684383,PC,"9,10,36,37"
108940329,PC,"7,34,61"
441797394,PC,"14,15,16,17,18,19,21,22,23,24,25,26,41,47,48,49,51,52,53,54,55,56"
394691478,PC,"14,40,41"
11034516,PC,"14,41,54"
264159776,PC,"7,33,71"
47220926,PC,"6,32,43,44,45,71"
91777086,PC,"6,33,43,44,45,71,72"
307375528,PC,"6,33,43,44,45,71,72"
421006834,PC,"7,44,45,46,71,72"
421005422,PC,"7,71,72"
16740548,PC,"14,15,41,55,75"
353302490,PC,"19,43,44,45,73"
67246795,PC,"15,41,55,75"
230856987,PC,"15,41,55,75"
302527524,PC,"9,10,11,36,37,38"
154616309,PC,"7,8,34"
275887811,PC,"14,15,41,55"
303030789,PC,"10,11,37,38,63"
231937059,PC,"5,7,32,34"
387342052,CP,"7,33,44,45,46"
396133015,CP,"16,56"
281196902,CP,"19,59,73"
142532090,CP,"6,7,33"
49705089,CP,"6,33"
40055053,CP,"14,40,41"
232941965,CP,"15,41,55"
308208458,PC,"2,29,69"
31975443,PC,"8,9,35,36"
191202679,PC,"17,57"
469791892,PC,"13,27"
280803800,PC,"1,2,3,28,29,30,68,69"
96475638,PC,"12,39,66"
53843023,PC,1
341405597,PC,"13,27,67"
55450156,PC,"1,2,3,4,5,6,7,8,9,10,11,12,13,28,29,30,31,32,33,34,35,36,38,39,61,62,63,65,66,67,68"
201254754,PC,"1,2,28,68,69"
139879080,PC,"1,27,28,68"
320847025,PC,"13,27,67"
337217173,PC,"4,31,42,70,71"
184733148,PC,"18,58"
312345863,PC,"17,18,58"
445807396,PC,"21,48"
459913687,PC,5
156999527,PC,"6,7,33,34"
416486384,PC,"15,16,41,55,56"
164280385,PC,"16,56"
292469572,PC,"18,58"
251705938,PC,"18,58,59"
350432166,PC,"1,2,3,4,5,6,7,8,9,10,11,12,13,27,28,29,30,31,33,34,35,36,37,38,39,61,62,63,64,65,66,67,68,69"
419957314,PC,"4,31,42,43,70"
431899136,PC,"18,59"
309257814,PC,"1,8,9,10,11,28,31,35,36,37,38,61,62,63,64"
61344769,PC,"6,33"
302908969,PC,"20,47"
192415680,PC,"18,58"
26547036,CP,"14,15,16,56"
170368805,PC,"7,34"
422159302,PC,"16,17,24,57,76,77,83,84"
64837857,PC,"16,17,57,77,83,84"
64837857,PC,"16,17,57,77,83,84"
64837857,PC,"16,17,57,77,83,84"
64837857,PC,"16,17,57,77,83,84"
77527511,PC,"8,35"
191998744,PC,"20,47,60"
383828887,PC,"14,40"
369062542,PC,"14,40,41,54"
114947483,PC,"14,40,53,54"
184521624,PC,"14,41,54,55"
196066560,PC,"15,55"
322498101,PC,"15,16,41,55,56"
330944099,PC,"16,17,24,56,57"
383829317,PC,"14,26,40,53,54,74"
154926644,PC,"14,19,20,21,26,40,41,47,52,53,59,73,74"
343336312,PC,"15,16,17,24,55,56,57,58,75"
156512187,PC,"14,15,20,21,26,40,41,47,48,53,60,73,74,75"
219803922,PC,"14,15,16,17,18,19,20,21,22,23,24,26,40,41,47,48,49,50,51,53,54,55,57,59,60,73,74,75"
430930679,PC,"16,17,56,57,76,77"
130948731,PC,"7,8,34,61,62"
265146266,PC,"17,18,19,24,25,26,52"
34524670,PC,"6,33"
287643871,PC,"15,16,56,82,83"
47244580,PC,"8,34,61"
64282927,PC,"15,16,56,57,76,77,83,84"
343019899,CP,"16,17,56,57,76,77,83,84"
152245179,PC,"8,61"
270355392,PC,"4,31,42,43,70,71"
12980264,PC,"18,58"
167654347,PC,"1,2,3,4,5,6,7,8,9,10,11,12,13,27,28,29,30,31,32,33,34,36,37,38,39,61,62,63,64,65"
72494421,PC,6
12423815,PC,"2,29,69"
101948569,PC,"2,29,69"
154618248,PC,"2,28,29,69"
179985715,PC,"2,29,69"
322063810,PC,"2,29,69"
237928815,PC,"2,4,8,29,30,31,38,62,65,68,69"
38510224,PC,"1,2,3,4,5,7,8,11,12,28,29,30,31,32,34,35,38,39,61,62,63,64,65,66,67,68,69"
349829627,PC,"1,3,4,5,6,7,8,9,10,11,13,27,28,29,30,31,32,33,34,35,36,37,38,39,61,62,63,64,65,67,68,69"
300710077,PC,"1,2,3,5,6,7,8,9,10,11,12,13,27,28,29,30,31,32,33,35,36,37,38,39,61,62,63,64,65,66,67,69"
300710077,PC,"1,2,3,5,6,7,8,9,10,11,12,13,27,28,29,30,31,32,33,35,36,37,38,39,61,62,63,64,65,66,67,69"
300710077,PC,"1,2,3,5,6,7,8,9,10,11,12,13,27,28,29,30,31,32,33,35,36,37,38,39,61,62,63,64,65,66,67,69"
30853470,PC,"1,2,3,4,5,6,7,8,10,11,12,13,27,28,29,30,31,32,33,34,35,36,37,38,61,62,64,65,66,67,68"
238898571,PC,"5,6,7,32,33,34,61,68"
231728511,PC,"4,5,6,27,31,32,33,37,64,67"
220459826,PC,"4,5,6,9,10,12,13,27,29,30,31,32,33,36,37,39,63,64,65,66,67,68,69"
323132914,PC,"10,11,12,13,37,38,39,64,65,66"
322270620,PC,"12,13,39,66,67"
375223080,PC,"10,11,12,37,39,63,64,65,66"
273985865,PC,"1,12,13,27,28,39,66,67,68"
396368313,PC,"11,12,38,39,65,66"
356590734,PC,"11,39,64,65,66"
280803917,PC,"1,2,3,27,28,29,30,67,68,69"
231077395,PC,"1,2,3,4,5,6,7,9,10,11,12,13,27,28,29,30,31,32,33,34,35,36,37,38,61,62,63,64,65"
238920875,PC,"1,5,6,7,8,11,28,32,34,35,38,61,65,68"
279514271,PC,"2,3,6,7,8,9,12,13,29,30,32,33,34,35,36,61,62,63,66,67,68,69"
142087638,PC,"7,28,29,30,31,33,34,35,36,37,38,39,61,62,63,64,65,66,67,68,69"
219175972,PC,"1,5,7,11,28,31,32,33,34,38,61,65,68"
260367888,PC,"1,2,3,4,5,6,7,8,9,10,11,12,13,27,28,29,30,31,32,33,34,35,36,61,62,63,64,65,66,67,68,69"
182078202,PC,"1,13,27,28,67,68"
141186075,PC,"1,2,3,4,5,6,7,8,9,10,11,12,27,28,29,31,32,33,34,35,36,37,38,39,61,62,64,65,66,67,68,69"
141186075,PC,"1,2,3,4,5,6,7,8,9,10,11,12,27,28,29,31,32,33,34,35,36,37,38,39,61,62,64,65,66,67,68,69"
139148528,PC,"1,28,68"
278988097,PC,"4,5,6,7,8,9,10,11,12,13,27,28,29,30,31,32,33,34,35,36,37,38,39,61,62,63,65,66,67,68,69"
350299588,PC,"1,2,3,4,5,6,7,8,9,10,11,12,13,27,28,29,30,31,33,34,35,36,37,38,39,61,62,63,64,65,66,67,68,69"
313889049,PC,"2,29,69"
50379036,PC,"1,2,13,27,28,67,68"
149389419,PC,"2,3,5,6,7,8,9,10,12,13,27,28,29,30,32,33,34,35,36,37,38,39,61,63,64,66,68,69"
52307802,PC,"1,2,27,28,29,67,68,69"
401980624,PC,"12,38,39,65"
197807778,PC,"2,3,4,29,30,31,69"
33716474,PC,"1,2,5,6,8,9,12,13,27,28,29,32,35,36,39,61,62,63,65,66,67,68,69"
307849973,PC,"9,11,35,36,37,38,62,63,64,65,69"
304339227,PC,"13,39,66"
238854767,PC,"1,13,27,28,67,68"
219181903,PC,"1,5,6,7,8,11,28,31,32,33,34,38,61,65,68"
237929468,PC,"1,2,3,4,8,11,28,29,30,31,34,38,61,62,64,65,68,69"
277128619,CP,"12,13,27,39"
418471116,PC,"11,12,38,39"
418298773,PC,"11,38,39,65,66"
306512967,PC,"1,2,3,4,5,6,8,9,10,11,12,13,27,28,29,30,31,32,33,34,35,36,37,38,39,61,62,63,64,65,66,67,68,69"
255588086,PC,"6,61,68,69"
255560319,PC,"1,2,5,7,8,11,12,28,29,31,32,33,34,35,38,39,61,62,65,66,67,68,69"
418343229,PC,"19,20,26,40,52,53,59,60"
467580267,PC,"18,58"
271747067,PC,"17,18,24,57,58"
184739529,PC,"18,58"
377064495,CP,"8,35,45,46,72"
269488987,PC,"15,55,56"
50120414,PC,"18,58,59"
445145355,PC,6
197743152,PC,"16,56,57"
37749396,CP,"3,42,70"
468880077,PC,"5,42,43,44,70,71"
124206468,PC,"10,37"
248387177,PC,"3,30,42,43,70"
434260570,PC,"5,32,43,44,70,71"
29017001,PC,"18,42,43,44,70,71"
258796169,PC,"17,42,43,70"
270355392,PC,"4,31,42,43,70,71"
434110695,PC,"2,29,69,70"
468979441,PC,"7,34,44,45,46,61,72"
416739490,PC,"5,42,43,44,70"
423360793,PC,"3,30,42,43,70"
244161191,PC,"3,30,70"
366622912,CP,"7,34,44,45,46,72"
264979636,PC,"7,34,71,72"
387690507,CP,"6,33,44,45,71,72"
395142888,PC,"16,17,24,57,77"
158025009,CP,"16,23,50,77"
233951353,PC,"14,15,16,17,41,55,57,75,76,77"
252616865,PC,"16,17,57,77"
378291076,PC,"17,18,24,57,58,77"
130181866,CP,"20,44,45,46,47,72"
365673804,PC,"15,16,17,18,24,56,57,58,76,77"
408636441,CP,"16,17,24,56,57,58,76,77"
283829553,PC,"16,23,24,49,50,51,76,77"
144124187,PC,"9,63,72"
59128183,PC,"5,32,43,44,71"
239816546,CP,"19,43,44,45,59,71,72"
306903715,PC,"6,33,71,72"
95234976,PC,"20,44,45,46,47,71,72"
234388232,PC,"7,44,45,46,71,72"
96948338,PC,"19,43,44,59,71"
96165095,PC,"19,43,44,59,71"
371470493,PC,"18,42,43,44,70,71"
386197662,PC,"6,33,44,45,71,72"
91697121,PC,"6,33,43,44,45,71,72"
367434266,PC,"20,44,45,60,71,72"
468983280,PC,"7,34,44,45,46,72"
270679144,PC,"8,34,45,46,61,72"
443582629,PC,"9,36,45,46,72"
318836983,PC,"4,42,43,70,71"
64282927,PC,"15,16,56,57,76,77"
2507547,PC,"19,43,44,45,59,71"
144700903,CP,"6,71,72"
286864983,PC,"10,37,64"
407126408,CP,"12,13,65,66"
198213332,PC,"14,15,16,17,18,19,21,22,23,24,25,26,40,41,47,48,49,51,52,53,54,55,56,57,58,59,60,73,74"
13419950,PC,"14,15,41,75,81,82"
229510866,CP,"14,15,17,18,19,20,21,22,23,24,25,26,40,41,47,48,49,50,51,52,53,54,55,56,57,58,59,60,73,74,75,76,77,78,79,81,82"
167092385,PC,"15,55,56,75,76,82"
293954617,CP,"14,15,16,41,54,55,56,75,76,81,82"
294179385,PC,"14,15,16,41,54,55,56"
199376584,CP,"14,15,41,55,75,81,82"
219776325,PC,"14,15,16,17,18,19,20,21,22,23,24,25,26,40,41,47,48,49,50,51,52,53,54,55,56,57,59,60,73,74,75,76,77,78,79,80,81,82"
441739020,CP,"14,15,16,18,19,20,21,22,23,24,25,26,40,41,47,48,49,50,51,52,53,55,56,57,58,59,60,73,74,75,76,77,78,79,80,81,82"
441739871,PC,"14,15,16,17,18,19,20,21,22,23,24,25,26,41,47,48,49,51,52,53,54,55,56,57,58,59,60"
229742722,CP,"14,15,16,17,18,19,20,22,23,25,26,40,41,47,48,49,50,52,53,54,55,56,57,59,60,73,74,75,76,77,78,79,80,81,82"
219879302,PC,"14,16,17,18,19,20,21,22,23,24,25,26,40,41,47,48,49,50,51,52,53,54,55,56,57,58,59,60"
237071229,PC,"15,17,24,55,56,57,58,75,76,77,82"
103633672,PC,"14,20,21,40,41,47,60"
165527918,PC,"14,17,18,20,21,23,24,25,26,40,41,47,48,50,51,52,53,54,55,56,57,58,59,60"
233680651,PC,"14,15,16,17,18,19,20,21,22,23,24,25,26,40,41,47,48,49,50,51,52,53,54,55,56,57,58,59,73,74,75,76,77,78,79,80,81,82"
233066156,PC,"14,15,16,17,18,19,20,21,22,23,24,25,40,41,47,48,49,50,51,52,54,55,56,58,59,60"
233688779,PC,"14,15,16,17,18,19,20,21,22,23,24,25,26,40,41,47,48,49,50,51,52,53,55,56,57,59,60,73,75,76,77,78,79,80,81,82"
229787062,PC,"14,15,16,17,18,19,20,22,23,25,26,40,41,47,48,49,50,52,53,54,55,56,57,59,60"
258920431,CP,"14,15,16,17,18,19,20,21,22,23,24,25,26,40,41,47,48,49,50,51,52,53,54,55,56,57,58,59,60"
229671380,PC,"14,15,16,18,19,20,21,22,23,24,25,26,40,41,47,48,49,50,51,53,55,56,57,58,59,60"
378390325,PC,"14,15,41,55,75,81"
188646744,PC,"15,41,55,56,75,82"
283471501,PC,"15,55,56,75,76,82"
165682741,PC,"15,56"
470653603,PC,"19,59"
234958949,PC,"6,33"
345450130,PC,"5,42,43,44"
66726479,PC,"16,17,57"
283303192,PC,"6,33"
267373896,PC,"15,16,55,56"
87091417,PC,19
279265701,PC,"18,19,24,25,52"
229618478,PC,"14,17,18,19,21,22,23,24,25,26,40,47,48,50,51,52,53,54,55,57,58,59,60"
259810421,PC,"19,59"
149788158,PC,"8,34,61"
202563254,PC,"14,15,41,54,55"
375506058,CP,"15,16,55,56,57,76,77,82"
431114892,PC,"16,17,56,57"
355449539,PC,"7,8,33,34,35,61,62"
406672232,PC,"14,41,55,81,82"
167403519,PC,"15,55,56,75,76,82"
26880783,PC,"16,40,54,55,56,74,75,76,81,82"
258829450,PC,"14,15,16,17,18,19,20,21,22,24,25,26,40,41,47,48,49,50,51,52,53,54,55,56,57,58,59,60,73,74,75,76,77,79,80,81,82"
326203952,PC,"15,56"
298297931,PC,"14,15,41,55,82"
275758701,PC,"14,15,41,55,56,76,81,82"
92439980,PC,"14,41,54,55,75,81,82"
201899356,PC,"2,3,29,30"
266213232,PC,"19,59"
69068526,PC,"14,40,54"
262843259,PC,"2,3,4,28,29,30,31,68,69"
286094277,PC,"15,16,41,55,56,75,76,82"
275722992,PC,"15,16,55,56,75,76,82"
37862966,PC,"5,32"
276922692,PC,"14,15,16,41,56,75,76"
138609069,PC,"15,16,55,56,76"
66266024,PC,"15,41,55,56,75,76"
138225319,PC,"15,16,55,56,75,76"
188814758,PC,"15,41,55,56,76"
195933415,PC,"15,41,55,56,75"
166178400,PC,"14,15,16,21,22,23,48,49,75,76"
296327387,PC,"14,16,41,55,56,75,76"
195483731,PC,"15,16,41,55,56,75,76"
452864692,PC,"16,17,56,57,76,77"
395214388,PC,"16,17,56,57,76,77"
293949992,PC,"14,16,41,54,55,56,57,74,75,76,77"
313922260,PC,"16,17,57,77"
325765282,PC,"16,17,56,57,76,77"
444209952,PC,"17,24,57,77"
469523613,PC,"15,16,17,57,76,77"
197604890,PC,"16,56,57,76,77"
417564823,PC,"15,16,17,24,56,57,76,77"
66545173,PC,"16,17,57,77"
430406538,PC,"16,56,57,76,77"
430845815,PC,"16,56,57,76,77"
266488971,PC,"14,15,16,40,41,50,54,55,56,57,60,74,75,76,77"
200465781,PC,"16,56,57,76,77"
66286602,PC,"16,17,56,57,76,77"
335624180,PC,"16,17,24,57,76,77"
286382849,PC,"15,16,17,24,56,57,76,77"
420383981,PC,"16,17,57,77"
64198376,PC,"15,16,56,57,76,77"
345596003,PC,"17,24,57,77,78"
256418577,PC,"18,24,58,78"
269231011,PC,"17,24,57,58,77,78"
434086605,PC,"17,24,57,58,77,78"
434270112,PC,"17,18,24,57,58,77,78"
404898080,PC,"16,17,18,24,56,58,76,77,78"
420018238,PC,"17,18,24,58,78"
269102377,PC,"17,18,57,58,77,78"
470749725,PC,"17,18,24,57,58,77,78"
269514008,PC,"17,24,57,58,77,78"
269330087,PC,"17,18,24,57,58,78"
402848417,PC,"18,19,25,26,52,53,58,59,73,78,79"
352284958,PC,"18,19,24,25,52,58,59,78,79"
331619598,PC,"19,25,26,52,53,59,73,79"
378860702,PC,"18,25,58,59,78,79"
154869806,PC,"19,20,25,26,40,47,52,60,73,74,79"
469523619,PC,"15,16,17,57,76,77"
431033767,PC,"16,17,56,57,76,77"
444159424,PC,"16,17,57,77"
154264903,PC,"16,17,56,57,76,77"
415461195,PC,"16,17,57,76,77"
446157122,PC,"19,20,26,40,52,53,59,60"
381789320,PC,"13,39"
332657786,PC,"8,35,62"
48018596,PC,"15,26,41,53,54,55,75,79,80,81,82"
422914082,PC,"4,31,70"
308778563,PC,"18,58"
196474344,PC,"17,57,58"
366074071,PC,"17,18,24,25,58,78"
104208182,PC,"18,19,59"
332911893,PC,"4,31"
328933398,PC,"20,21,40,41,47,52,53,59,60"
233721037,PC,"14,15,16,17,19,20,21,22,23,24,25,26,40,41,47,49,50,51,52,53,54,56,57,58,59,60"
38399060,PC,"4,31"
232608943,CP,"17,53"
88565745,PC,"20,47"
85292615,PC,"21,48"
103605399,PC,"14,20,21,40,41,47"
296739893,CP,"8,35,62"
252474634,PC,"21,48"
283884522,PC,"17,57"
407905370,PC,16
274017513,PC,"2,3,29,30,69"
27459498,PC,"14,15,40,41,54,55,56"
294594423,PC,"14,15,41,54,55"
366115856,PC,"17,18,24,57,58"
334394274,PC,"16,17,24,56"
327004130,PC,"17,18,24,57,58"
1271152446,PC,"14,15,16,17,18,19,20,21,22,23,25,40,41,47,48,49"
219866209,PC,"14,15,16,17,18,19,20,21,23,24,25,40,41,47,48,49,50,51,52,57,59"
252585354,PC,"16,17,57"
444753130,PC,"18,25,58"
233867481,PC,"14,17,41,55,57,75"
308994098,PC,"1,4,8,9,10,11,28,31,34,36,37,38,61,62,64,68,69"
288516853,PC,"14,19,20,21,24,25,26"
261680542,PC,"1,13,27,28,66,67,68"
469810663,PC,"13,27,66,67"
469810663,PC,"13,27,66,67"
52368076,CP,"1,2,28,68,69"
251848941,CP,"2,29,69"
306996324,CP,"10,37,63"
306996324,CP,"10,37,63"
464593883,PC,13
370123525,PC,"18,58"
266401846,PC,"19,59"
126225595,PC,"15,41"
326475995,PC,"16,17,56,57"
234994474,CP,"1,28,68"
262530407,CP,"2,3,29,69"
320004517,CP,"13,27,67"
428892437,PC,"19,20,25,40,52,53"
407495930,PC,"18,19,24,25,52"
452508760,PC,"14,41,54,55"
426032475,PC,"1,2,13,27,28,29,66,67,68,69"
202872757,PC,"18,58"
282485660,CP,"12,39"
166671025,PC,"2,3,29,30,69"
468983280,PC,"7,44,45,46,72"
31142436,PC,"5,6,32"
235015217,PC,"1,28,68"
452658846,PC,"15,55"
229210014,PC,"6,33,71,72"
127226712,PC,"6,43,44,45,71,72"
360142739,PC,"14,41,54,55"
430751891,PC,"16,56,57"
456910600,PC,"17,42,43,57,70,71"
28961316,PC,"18,42,43,44"
317252733,PC,"19,59"
10507330,PC,"18,24,25,52"
193765661,PC,"14,15,41,55"
237015185,PC,"15,16,17,18,24,48,55,56"
194076601,PC,"14,15,41,55,56"
128558444,PC,"16,56"
63844530,PC,"15,16,56,57"
155258153,PC,"17,57"
302201081,PC,"17,42,43,57"
437756191,PC,"17,57"
121070864,PC,"19,73"
259330386,PC,"19,59,73"
256584532,PC,"17,18,24,25,52"
405897415,PC,"14,15,16,41,54,55,56"
286080865,PC,"15,16,41,55,56"
315907220,PC,"15,16,17,56,57"
370981403,PC,"16,17,56"
149855074,PC,18
400432230,PC,"14,15,16,20,40,41,50,54,55,56"
427153307,PC,"16,17,24,56"
367425982,PC,"16,18,24,57,58,78"
338065029,PC,"16,17,24,57"
269043098,PC,"17,18,24,57,58"
399346877,PC,"18,24,25,52,58"
400899926,PC,"18,24,25,52,58"
230084146,PC,"15,16,17,18,20,21,22,23,24,25,26,40,41,47,48,50,51,52"
160618074,PC,"15,16,17,18,19,20,21,22,23,24,25,26,40,41,47,48,49,59"
398371628,PC,"18,19,20,25,26,40,47,52,59"
435719275,PC,"14,41"
160521907,PC,"14,15,16,19,20,21,22,25,26,40,41,47,48,49,52"
283845022,PC,"17,18,58"
365509373,PC,"5,32,43,44,70,71"
427765233,PC,"17,18,24,57,58"
422912527,PC,"4,42,43,71"
350733403,PC,"14,17,18,19,20,21,23,24,25,26,40,47,50,51,52,53,54,57,58,60,73,74"
233287217,PC,"14,15,54,55,56,74,75"
233855268,PC,"14,15,16,41,55,56,57,75"
416195843,PC,"14,15,16,17,19,20,22,23,24,25,26,40,41,47,49,50,52,53,54,55,56,57,58,59,60,73,74,75"
38696105,PC,"3,11,12,28,29,30,31,32,34,35,36,38,39,62,63,64,65,66,67,68,69"
402319411,PC,"2,29,42,69,70"
305048116,PC,"2,29,69"
175482273,PC,"2,29,69"
420049884,PC,"4,31,70,71"
19025965,PC,"7,34,44,45,46,71,72"
146406806,PC,"7,8,34,35,61"
339857675,PC,"7,8,9,34,35,36,61,62,63"
260004324,CP,"1,2,3,4,5,7,8,9,10,11,12,13,27,28,29,30,31,32,33,34,35,36,37,38,39,61,62,64,65,66,67,68,69"
38510224,PC,"1,2,3,4,5,7,8,11,12,28,29,30,31,32,34,35,38,39,61,62,63,64,65,66,67,68,69"
219195044,PC,"4,5,6,7,8,11,12,28,31,32,33,34,35,38,61,65,66,67,68,69"
219195044,PC,"4,5,6,7,8,11,12,28,31,32,33,34,35,38,61,65,66,67,68,69"
167418903,PC,"1,2,3,4,5,6,7,8,9,11,12,13,28,29,30,31,32,33,34,35,36,37,38,39,61,62,64,65,66,67,69"
72985822,PC,"10,37,64"
73649615,PC,"10,11,37,64"
334305570,PC,"10,37,64"
327301957,PC,"13,27,67"
304100538,PC,"1,13,27,28,67,68"
374997123,PC,"1,2,3,4,5,6,7,9,10,11,12,13,27,29,30,31,32,33,34,35,36,37,39,62,63,64,65,66,67,68,69"
235684964,PC,"14,15,16,17,18,19,20,21,22,23,24,40,41,47,48,49,50,51,52,56,57,58,59,60"
403368444,PC,"12,39,65"
263003176,CP,"1,12,13,27,39,66"
447061717,CP,"9,10,36,37,63"
329148988,CP,"16,17,24,56,57"
149601126,CP,"1,3,4,5,6,7,8,9,10,11,13,27,28,30,31,32,33,34,35,36,37,38,39,61,62,64,65"
141488193,CP,"20,26,53"
219854519,CP,"14,15,16,17,18,19,20,21,22,23,24,25,26,40,41,47,48,49,50,51,52,53,54,56,57,58,59,60"
257527578,CP,"4,31"
466206508,CP,"13,27"
209464063,CP,"4,30,31"
299945285,PC,"2,3,4,5,6,7,8,9,10,12,13,27,28,29,30,31,32,33,34,35,36,37,38,39,61,62,63,64,65,66,67,68,69"
33831980,PC,"1,2,3,5,6,8,9,12,13,27,28,29,32,33,35,36,38,39,61,62,63,64,65,66,67,68,69"
388106759,PC,"1,2,3,4,5,6,7,8,9,10,11,12,13,27,28,29,30,31,32,33,34,36,37,38,39,61,63,64,65,66,67,68,69"
388106759,PC,"1,2,3,4,5,6,7,8,9,10,11,12,13,27,28,29,30,31,32,33,34,36,37,38,39,61,63,64,65,66,67,68,69"
142276270,CP,"14,15,21,22,41,48"
91987762,CP,"21,45,46,48,72"
235678745,CP,"14,15,16,17,18,19,20,21,22,23,24,26,40,41,47,48,49,50,51,52,53,54,55,56,57,58,59,60"
235678745,CP,"14,15,16,17,18,19,20,21,22,23,24,26,40,41,47,48,49,50,51,52,53,54,55,56,57,58,59,60"
354518617,PC,"6,33"
297967252,PC,"9,10,35,36,62,63"
382463648,PC,"2,28,29,68,69"
441453629,PC,"1,27"
390723664,PC,13
30499203,PC,13
434105094,PC,"2,29,42,69"
77680373,PC,"12,38"
143257768,PC,"13,27"
141074654,PC,"11,38,65"
272768631,PC,"13,66"
206361691,PC,"2,28,29,69"
62085710,PC,"13,27,67"
47482754,PC,"2,28,69"
89417257,PC,"13,66"
91324328,PC,"13,66"
174070181,PC,"12,39,66"
87422071,PC,"13,66"
89659632,PC,"13,66"
57011946,PC,"13,66"
90156362,PC,"13,66"
32443914,PC,"13,27,67"
253857911,PC,"13,67"
408609355,PC,"13,27,67"
269372232,PC,"13,27,67"
32046665,PC,"13,27,67"
254174907,PC,"13,27,67"
112989868,PC,"13,27,67"
214515989,PC,"1,28,68"
402027382,PC,"1,2,28,29,68"
197598125,PC,"1,28,68"
399571743,PC,"2,29,42,69"
391904697,PC,"1,2,3,4,5,6,7,8,9,10,11,12,13,27,28,29,30,31,32,33,34,35,36,37,39,62,63,64,65,66,67,68,69"
219345200,PC,"4,5,6,31,32"
167600516,PC,"1,2,3,4,5,6,7,8,10,11,12,13,27,28,29,30,31,32,33,34,35,36,37,38,39,61,62,63,64,65,66,67,68,69"
167600516,PC,"1,2,3,4,5,6,7,8,10,11,12,13,27,28,29,30,31,32,33,34,35,36,37,38,39,61,62,63,64,65,66,67,68,69"
62483237,CP,"1,28,68"
207141131,CP,"2,3,29,30"
55652896,CP,"1,2,3,4,5,6,7,8,9,11,12,13,27,28,29,30,31,32,33,34,35,36,37,38,39,61,62,63,64,65,66,67,68,69"
120896927,CP,"3,4,30"
120896927,CP,"3,4,30"
70899085,CP,"5,32"
1528696,CP,"5,32"
33692729,CP,"6,33"
317548889,CP,"6,33"
200322593,CP,"4,5,6,31,32"
44737596,CP,"4,5,31"
170849515,CP,"5,31,32"
293853437,CP,"6,33"
48103627,CP,"9,35,36"
77156829,CP,"4,5,31,32"
77156829,CP,"4,5,31,32"
335630746,CP,"10,37,46"
360630575,CP,"11,12,38,39"
369376388,PC,"4,5,31"
453100296,PC,"1,2,3,4,5,6,7,8,9,10,11,12,13,28,29,30,31,32,33,34,35,36,37,38,61,62,63,64,65,66,67,68,69"
157572174,PC,"6,7,33,34,61"
134183038,PC,"7,8,34,61,62"
141574742,PC,"8,9,35,61,62"
45048546,PC,"8,9,35,36,61,63"
340700241,PC,"7,8,9,10,34,36,61,62,63,67"
463469906,PC,"9,10,63,64"
311252710,PC,"9,62,63"
452576848,PC,"10,11,12,64,65,66"
463343283,PC,"9,10,63,64"
441444262,PC,"9,10,62,63"
163260812,PC,"10,63,64"
80778619,PC,"10,36,63,64"
453396346,PC,"10,11,12,64,65"
398502253,PC,"10,11,64,65"
391510223,PC,"10,11,63,64"
363632843,PC,"10,11,63,64"
241569046,PC,"11,64,65"
186470510,PC,"8,35,61,62"
133655284,PC,"7,8,34,35,61,62"
56630436,PC,"8,34,35,61,62"
46999289,PC,"8,34,62"
133107143,PC,"7,8,34,35,61,62"
132313173,PC,"7,8,34,35,61,62"
102159710,PC,"14,41,54,55,74"
239628993,PC,"15,56"
162289289,PC,"15,16,56"
64938667,PC,"16,17,57,76,77"
77258279,PC,"18,58"
452964680,PC,"17,18,57,58"
34646336,PC,"18,43,44,58,70,71"
285354178,PC,"18,58"
252118701,PC,"17,18,58"
13533330,PC,"18,58"
240959810,PC,"18,58"
417676091,PC,"19,59,73"
260962960,PC,"19,59,73"
367616146,PC,"19,59"
252430813,PC,"19,59,73"
155867025,CP,"19,59"
354293303,PC,"19,59"
150074121,PC,"19,59"
347051112,PC,"19,59"
143687316,PC,"19,59,73"
339207847,PC,"19,59"
98620619,PC,"19,59,73"
312689217,PC,"19,43,44,45,59,71,72"
311441461,PC,"19,59"
82622707,PC,"19,59"
432114158,PC,"19,59"
275702126,PC,"18,19,59"
268172361,PC,"19,59,73"
426319499,PC,"19,59,73"
53307409,PC,"20,47,60"
339503267,PC,"19,20,59,60"
453410966,PC,"20,47,60"
22683951,PC,"20,47,60"
312991501,PC,"14,20,40,47,53,60,74"
4605846,PC,"20,44,45,46,47,60,72"
99572130,PC,"20,40,47,53,60,73"
99097200,PC,"20,47,60"
48220826,PC,"14,15,19,22,40,41,53,54,55,56,59,79"
421336001,PC,"14,15,16,17,20,24,40,41,47,50,54,55,56,57,58,60,77"
314375831,PC,"16,17,24,57,77"
389910188,PC,"18,24,25,58"
284454822,PC,"14,15,16,17,18,19,20,21,22,23,24,25,26,40,41,47,48,49,50,51,52,53,54,55,56,57,58"
280035202,PC,"14,15,16,17,18,19,20,21,22,23,24,25,26,40,41,47,48,49,50,51,53,54,55,56,57,58,59,60"
229408913,PC,"14,15,16,17,18,19,20,21,23,24,25,26,40,41,47,48,49,50,51,52,53,54,55,56,57,58,59,60"
198189972,PC,"14,15,16,17,18,19,21,22,23,24,25,26,40,41,47,48,49,50,51,52,53,54,55,56,57,58,59"
147761049,PC,"20,26,40,47,53,60,74"
102719996,PC,"19,25,26,52,53"
415143674,PC,"7,61"
22121296,PC,"9,35,62"
196261799,PC,"17,57"
196973090,PC,"17,58"
231702397,CP,"1,27,28,67,68"
224225541,CP,"2,29,69"
200723869,CP,"3,4,30"
164767175,CP,3
219253008,PC,"3,4,5,30,31,32"
321982642,PC,"2,29"
37770169,CP,"6,33"
260304800,PC,"1,2,3,4,5,6,7,8,9,10,11,12,13,27,28,29,31,32,33,34,35,36,37,38,39,61,62,63,64,65,66,68,69"
279425357,PC,"9,10,27,28,29,30,31,32,33,34,35,36,37,38,39,62,63,64,65,66,67,69"
276128561,PC,"11,38"
440887364,CP,"11,38"
440887364,CP,"11,38"
231289421,PC,"2,3,30,69"
29918916,PC,"3,30"
138727432,PC,"3,30"
150430484,PC,"1,2,3,4,5,6,7,8,9,10,11,12,13,27,28,29,30,31,32,33,34,35,36,37,38,39,61,62,63,64,65,66,67,68,69"
321011127,PC,"3,4,30"
358460246,PC,"1,2,3,4,5,6,7,8,9,10,11,12,13,27,28,29,30,31,32,33,34,35,36,37,38,39,61,63,64,65,68,69"
219229644,PC,"3,4,5,30,31,32"
220459826,PC,"2,3,4,5,6,9,10,12,13,27,29,30,31,32,33,36,37,39,63,64,65,66,67,68,69"
237920046,PC,"1,2,3,4,11,28,29,30,31,34,38,61,62,64,65,68,69"
32497972,PC,"5,6,32,33"
34077285,PC,"6,33"
123846039,PC,"6,33"
7561203,PC,"7,34,61"
351601843,CP,"13,27,67"
370133522,CP,"13,27,67"
193413306,PC,"11,12,38"
273985865,PC,"1,12,13,27,28,39,66,67,68"
294781547,PC,"1,2,3,4,6,7,8,9,10,11,12,13,27,28,29,30,31,32,33,34,36,37,38,39,61,62,63,64,65,66,67,68,69"
71512186,PC,"6,33"
147977348,CP,"6,7,33,34"
35582553,PC,"6,7,33"
141527965,PC,"1,2,3,4,5,7,8,9,10,11,12,13,27,28,29,30,31,32,33,34,35,36,37,38,39,61,62,63,64,65,66,67,68,69"
268187322,PC,"7,8,9,34,61,62"
141141249,PC,"8,9,35,36,61,62"
376036292,PC,"10,11,63,64"
463103749,PC,"9,10,36,37,63,64"
465176038,PC,"10,11,63,64"
433546897,PC,"11,38,64,65"
173824688,PC,"7,8,61"
331146317,PC,"16,17,56,57"
428003305,PC,"16,17,57"
381544766,PC,"18,58"
302470965,PC,"18,58"
356322454,PC,"19,59,73"
86075481,PC,"19,59"
3364732,PC,"19,43,44,45,59,71"
468832904,PC,"19,20,40,53,59,60"
457104362,PC,"20,47,60"
88385463,PC,"20,47,60"
279383896,PC,"17,18,24,57,58"
284206913,PC,"17,18,24,58"
452938965,PC,"17,18,24,58"
372392226,PC,"17,18,24,25,58"
328814605,PC,"19,20,26,40,47,53,59,60"
335655755,PC,"14,15,20,21,26,40,41,47,48,53,60"
441572821,PC,"20,26,40,47,53,60"
445582110,PC,"7,8,9,33,34,35,36,61,62"
52928939,PC,"8,9,34,35,61"
334414389,PC,"7,34,61"
80681136,PC,"10,36,37,63,64"
46631742,PC,"18,42,43,44,58,70,71"
210904767,PC,"12,39,65"
207110080,CP,"2,3,29,30"
363914762,PC,"5,6,7,32,33,34"
278775625,PC,"1,2,3,4,5,6,8,9,10,11,12,13,27,28,29,30,31,32,33,34,35,36,37,38,39,61,62,63,65,66,67,68,69"
176796997,PC,"4,31"
175532955,PC,"3,4,30,31"
206474443,PC,"4,31"
260417932,PC,"1,2,4,5,6,7,8,9,11,12,28,29,31,32,33,34,35,36,38,39,61,62,65,66,67,68,69"
220475245,PC,"2,3,4,5,6,7,9,10,12,13,27,29,30,31,32,33,36,37,39,63,64,65,66,67,68,69"
332660150,PC,"5,32"
67772767,PC,"5,32"
167714792,PC,"5,6,32"
319312479,PC,"5,31"
451606970,PC,"12,13,27,39,66,67"
453260209,PC,"10,11,12,37,38,39,64,65,66"
349095149,CP,"1,2,3,4,5,6,7,8,9,10,11,12,13,27,28,29,30,31,32,33,34,35,37,38,39,61,62,63,64,65,66,67,68,69"
177115354,PC,"5,6,7,8,10,13,27,28,29,30,32,33,35,36,37,38,39,61,62,63,65,66,67,68,69"
133427311,PC,"7,8,34,61,62"
465540915,PC,"10,11,63,64"
419858461,PC,"11,64,65"
399058051,PC,"11,64,65"
389999924,PC,"10,11,63,64"
329921262,PC,"11,64,65"
175317833,PC,"8,35,62,72"
437144507,PC,"7,8,61"
363749415,PC,"12,39"
355748785,PC,"14,15,41,54,55"
42484503,PC,"14,15,54,55"
184468386,PC,"14,15,41,54,55"
193482096,PC,"14,15,41,55,56"
160390955,CP,"15,55,56"
289895191,PC,"15,16,55,56,76"
200917197,PC,"18,58"
192878624,PC,"18,58"
67517533,PC,"18,58"
63717709,PC,"18,58"
331854794,PC,"18,58"
240864953,PC,"17,18,58"
266425782,PC,"19,59"
354442783,PC,"19,59"
346015394,PC,"18,19,59"
417844678,PC,"19,59"
105135774,PC,"19,59,73"
81597356,PC,"18,19,58,59"
445751830,CP,"19,59"
274545328,PC,"19,59,73"
266772500,PC,"19,59"
29105766,PC,"20,47,60"
467265105,PC,"15,17,24,55,56,57,77"
345329200,PC,"17,24,57,58"
407243316,PC,"17,18,24,25,58"
428963229,PC,"17,18,19,24,25,52,58,59"
356786657,PC,"14,15,16,17,18,19,20,21,22,23,25,40,41,47,48,49,50,51,52,53,54,55,57,58,59,60"
257060897,CP,"14,15,16,20,21,22,26,40,41,47,48,49,53,56,60"
372758077,PC,"14,20,21,26,40,41,53,60"
128127712,PC,"7,61"
36227841,PC,"9,36,62,63"
231559817,PC,"8,34,35,61"
456306892,PC,"20,26,40,47,53"
259377017,CP,"3,4,5,30,32"
309791156,PC,"1,5,6,7,8,9,10,11,12,13,27,28,29,30,31,32,33,35,36,37,38,39,61,62,63,64,65,66,68,69"
80713983,PC,"7,8,34,61,62"
133849258,PC,"7,8,61,62"
17865622,CP,"15,56"
330135981,PC,"16,17,56,57"
647636934,PC,"19,59"
403340402,PC,"17,18,24,57,58"
389968080,PC,"14,15,16,17,18,19,20,21,22,23,24,25,40,41,47,48,49,51,52,53,54,55,56,57,58,59,60"
233719215,PC,"14,15,16,18,19,20,21,22,23,24,25,40,41,47,48,49,50,51,52,53,55,56,57,58,59,60"
153896150,PC,"20,26,47,53,60,74"
441580526,PC,"20,26,40,47,53,60"
400683848,PC,"8,9,35,36,62,63"
291465998,PC,"7,8,9,33,34,35,61,62"
286153328,PC,"8,9,61,62"
269568703,PC,"7,8,9,61,62,63"
145038729,PC,"8,9,35,36,62,63"
145249556,PC,"8,9,35,36,62,63"
92744152,PC,"8,9,35,36,61,62"
268643535,PC,"7,8,9,34,35,36,61,62"
53365065,PC,"8,9,34,35,61,62"
45996325,PC,"9,36,62,63"
271307949,PC,"7,34,61"
145163386,PC,"7,8,34,61"
143724857,PC,"8,34,61"
134596619,PC,"7,8,34,35,61,62"
272211398,PC,"10,37,64"
303327435,PC,"10,36,37,63,64"
298829544,PC,"15,40,56,73,74,75,76"
377297285,PC,"14,15,16,19,40,41,49,56,59,60,73,74,75,76"
296737508,PC,"8,35,62"
410214986,CP,"1,27,28,67,68"
167415965,PC,"1,2,3,4,5,6,7,9,10,11,12,13,27,28,29,30,31,32,33,34,35,36,37,38,39,62,63,64,65,66,67,68"
150098860,CP,"1,2,4,5,6,7,8,9,10,11,12,27,28,29,30,31,32,34,35,36,37,38,39,61,62,63,65,66,68"
322054600,PC,"17,18,24,25,57,58,77,78"
316468545,PC,"16,17,18,24,56,57,58,76,77,78"
147951030,PC,"14,20,21,41,47,48,60,74,75"
348437470,PC,"18,58"
375654303,PC,"17,18,24,25,52,57"
198512478,PC,"14,15,20,21,22,40,41,47,48,49,60,75"
42883782,PC,"14,40,41,54"
42883782,PC,"14,40,41,54"
165625229,PC,"16,22,23,24,49,50,76,77"
192790476,CP,"5,6,32,33"
434171113,PC,"17,24,57,58"
382626661,PC,"1,2,3,4,5,6,7,8,9,10,11,12,13,27,28,29,30,31,32,33,34,35,36,37,38,39,61,62,64,65,67,68"
198077394,PC,"2,3,4,5,12,29,30,31,32,69"
374095457,PC,"9,10,36,37,63"
20318757,PC,"9,36,63"
307956397,PC,"14,15,16,17,18,19,20,21,22,23,24,25,26,40,41,47,48,49,51,52"
219762508,PC,"14,15,16,17,18,19,20,22,23,24,25,26,40,41,47,48,49,50,52,53,54,55,56,57,58,59"
407059875,PC,"17,18,24,25,58"
142105158,PC,"1,2,3,4,6,7,8,9,10,11,12,13,27,28,29,30,31,32,33,34,36,37,38"
271806353,PC,"1,3,4,6,7,10,11,12,13,27,30,31,33,34,37,38,39"
271891552,PC,"1,2,3,4,5,6,7,8,9,10,11,12,13,27,28,29,30,31,32,33,34,35,36,37,38,62,63"
231071138,PC,"2,3,29,30"
200803270,PC,"3,4,30"
56096837,PC,"5,32"
32677675,PC,"5,6,32,33"
237552878,PC,"6,33"
302976834,PC,"6,43,44,45"
419029830,PC,"7,8,34"
74274839,PC,"8,9,35,36"
357896777,PC,"9,10,11,36,37,62,63,64"
371864043,PC,"10,11,36,37,38"
73082014,PC,"10,37"
440872576,PC,"11,38"
381996371,PC,"11,38"
378227267,PC,"10,11,36,37"
260776145,PC,"10,11,37"
134551640,PC,"7,8,33,34"
403507814,PC,"12,39"
255909950,PC,"12,39"
254909777,PC,12
272167060,PC,"11,37,38"
704012376,PC,20
400103802,PC,"19,20,26,40,53,59"
233823679,PC,"15,16,41,55,56"
247356332,PC,"14,15,41"
275527293,PC,"14,15,41"
237097499,PC,"14,15,16,17,18,20,21,22,23,24,40,41,47,48,49,50,51,53,54,55,56"
199712572,PC,"15,16,17,18,19,20,21,22,23,24,25,26,40,47,48,49,50,52,53,54,55,56,57,58,59,60,73,74,76,77,78,79,80"
376353509,PC,"18,19,25,52,59,79"
445805961,CP,"19,20,26,40,53,59,60,73,79"
154741689,PC,"19,20,25,26,40,47,52,53,59,60,73,74,79"
461635621,PC,"18,19,20,25,26,40,52,53,59,60,73,79"
329981856,PC,"11,12,38,65"
60646268,PC,"1,28"
357145112,PC,"14,40"
346929661,PC,"17,18,24,57,58,77,78"
365733349,CP,"15,16,17,18,24,56,57,58,76,77,78"
376637093,CP,"17,18,24,25,57,58,77,78"
327579226,PC,"17,18,24,57,58,77,78"
441739020,CP,"14,15,16,18,19,20,21,22,23,24,25,26,40,41,47,48,49,50,51,52,53,55,56,57,58,59,60,73,74,75,76,77,78,79"
1551345500,PC,"14,15,16,17,18,19,20,21,22,23,24,25,26,40,41,47,48,49,51,52"
53617134,PC,"18,24,25,58,78"
47937361,PC,"14,26,40,41,53,54,55"
390207998,PC,"14,26,40,41,53,54,74"
136122328,PC,"14,15,41,55"
147430118,PC,"6,7,33"
149572298,PC,"1,3,4,5,6,7,8,9,10,11,13,27,28,29,30,31,33,34,35,36,37,38"
52315301,PC,"1,28,29,68,69"
38965512,PC,"1,2,28,29,68,69"
273850708,PC,"1,2,3,28,29,68,69"
260537454,PC,"1,2,3,4,5,6,7,8,9,10,11,12,13,28,29,30,31,32,33,34,35,36,38"
231076038,PC,"1,2,3,4,5,6,7,8,9,10,11,12,13,27,28,29,30,31,33,34,35,36,37,38"
31943299,PC,"1,2,3,6,7,10,13,27,28,29,30,33,36,37"
394346647,PC,"1,12,13,27,28,39"
388202128,PC,"1,12,13,27,39"
382259755,PC,"1,2,3,4,6,7,8,9,10,11,12,13,32"
349410350,PC,"1,2,3,4,5,6,7,8,9,10,11,12,13,27,28,29,30,31,32,33,34,35,36,37,38"
300604770,PC,"1,2,3,4,5,6,7,8,9,11,12,13,27,28,29,30,31,32,33,34,35,36,37,38,61,62,63,64,65,66,67,68,69"
262829328,PC,"1,28"
260541432,PC,"1,2,3,4,5,6,7,8,9,10,11,12,13,27,28,29,30,31,32,33,34,35,36,37,38"
259901731,PC,"1,2,3,27,28,29,67,68,69"
391900348,PC,"1,2,3,4,5,6,7,8,9,10,11,12,13,28,29,30,31,32,33,34,35,36,38,61,62,63,64,65"
140067837,PC,"1,28,68"
234527228,PC,"1,2,68,69"
231833236,PC,"1,2,28,29,68,69"
230980206,PC,2
200805484,PC,"3,4,30,31"
166851829,PC,"2,3,29,30"
231065398,PC,"2,3"
160004025,PC,"3,4,30,31"
31634579,PC,"1,2,3,27,28,67,68,69"
147456499,PC,"3,30"
372817671,PC,"3,4,5,30,31,32"
144125079,PC,"3,4,30,31"
423672208,PC,3
192076548,PC,"8,9,35"
420016507,PC,"4,31"
398736713,PC,4
354517490,PC,"4,5,6,31,33"
323295908,PC,"4,30,31"
209408136,PC,"4,30,31"
200320748,PC,"4,6,31,32"
161568891,PC,"4,5,6,31,32"
161479081,PC,"4,5,31,32"
159989004,PC,"4,31"
155993822,PC,"4,31"
98728690,PC,"4,31"
92363023,PC,"4,31"
92359852,PC,"4,31"
71345362,PC,"4,31"
30016082,PC,"4,31"
139445621,PC,"5,6,32"
139445453,PC,"5,6,32"
100683605,PC,"5,6,32,33"
77958378,PC,"5,6,32"
44791617,PC,"4,5,31"
43604949,PC,"5,32"
43475220,PC,"5,32"
169448771,PC,"5,32"
457202957,PC,5
452810326,PC,"5,32"
408231638,PC,"5,6,32"
396896334,PC,"5,32"
362026280,PC,"5,32"
311239796,PC,"5,32,43,44"
284859630,PC,"5,32"
248655096,PC,"5,32"
169448297,PC,"5,32"
167714124,PC,"5,6,32,33"
153725446,PC,"4,5,31,32"
152477897,PC,"4,5,31"
119290630,PC,"6,7,33"
100589633,PC,"5,6,32,33"
51830822,PC,"6,7,33"
42763678,PC,"6,33"
39724477,PC,"6,33"
37240067,PC,"6,33"
34729329,PC,"6,33"
34266522,PC,"6,33"
21505121,PC,"5,6,32,33"
20069685,PC,"5,6,32,33"
445946478,PC,"6,33,44,45"
319473643,PC,"6,7,8,32,33,61"
282102605,PC,6
237736186,PC,"6,33"
235448190,PC,"6,33"
235300016,PC,"6,33"
231157209,PC,"6,33"
170367033,PC,"6,7,8,33,34"
168191686,PC,"6,33"
148004811,PC,"6,7,33"
147125706,PC,"6,7,33"
147034452,PC,"6,7,33"
96736412,PC,"6,33"
78441371,PC,"6,7,33"
53122063,PC,"6,7,33"
52976395,PC,"6,7,33"
48806546,PC,"6,7,33"
443534757,PC,"6,33"
438057373,PC,"6,33,43,44,45"
435934762,PC,"6,32"
388934707,PC,"6,32"
35636165,PC,"6,7,33"
35483319,PC,"6,7,33"
332860211,PC,"6,32"
317546777,PC,"6,33"
317417916,PC,"6,33"
300204369,PC,"5,6,7,32,33"
281987399,PC,"6,33"
270677031,PC,"1,4,5,6,7,8,11,27,28,31,32,33,34,37,38,64"
255756918,PC,"6,7,8,32,33,34"
247518629,PC,"6,43,44,45"
237406657,PC,"6,7"
237362186,PC,"6,7,33"
235077268,PC,"5,6,7,32,33"
232139628,PC,"6,33"
232052748,PC,"6,7,32,33"
220076110,CP,"6,32"
206897186,PC,"6,33"
160347548,PC,"6,32,33"
156887426,PC,"6,7,33"
147804034,PC,"6,7,33"
140287227,PC,"5,6,32,33"
139444326,PC,"5,6,32"
124379043,CP,"6,33"
306663205,PC,"7,33"
285526706,PC,"7,8,34"
151483286,CP,"7,8,34"
281489322,PC,"7,8,33,34"
130349701,PC,"7,8,34"
271035369,PC,"7,8,34"
128135100,PC,"7,34,61"
268496304,PC,"7,8,9,34"
123462119,PC,"6,7,33"
440775339,PC,"7,33,44,45,46"
259165246,PC,"7,34"
107340585,PC,"7,34"
238335094,PC,"7,8,9,34,61"
156172268,PC,"7,8,34"
178577607,PC,"7,33"
79930628,PC,"7,8,34,61"
178162579,CP,"7,33"
79030066,PC,"6,7,33"
66151343,PC,"7,33,34"
175604949,PC,"7,8,34"
61687533,PC,"7,33"
453105377,PC,"5,7,33"
174206540,PC,"7,8,34"
52869977,PC,"6,7,33,34"
173818213,PC,"7,8,34,61"
50989813,PC,"7,33"
47587394,PC,"6,7,33"
157655504,PC,"6,7,33,34"
157011920,PC,"6,7,33,34,61"
231337271,PC,"6,7,33"
409896170,PC,"7,8,34"
156949982,PC,"6,7,33,34,61"
147857396,PC,"6,7,33"
14709225,PC,"7,33,44,45,46"
119448220,PC,"6,7,33,34"
385658469,PC,"7,34"
10827386,PC,"7,33,34"
348477542,PC,"7,34"
344140617,PC,"6,7,8,33,61,62"
320541238,PC,"7,33"
142405475,PC,"6,7,33"
319932686,PC,"7,33,34"
318413374,PC,"7,33"
140019355,PC,"7,34"
318796593,PC,"7,33,34"
355796887,PC,"8,9,10,35,36,37"
355655412,PC,"8,9,35,36"
342167886,PC,"8,9,10,34,35,36,37,62,63"
340559155,PC,"3,4,5,7,8,9,10,13,27,30,31,34,35,36,37,61,64"
340144218,PC,"3,7,8,9,10,13,30,33,34,35,36"
315117300,PC,"8,9,35"
310537530,PC,"8,9,10,11,35,36,37,62,63,64"
308987429,PC,"1,4,5,8,9,10,11,31,34,35,36,37"
308612785,PC,"1,4,5,7,8,9,10,11,28,31,34,35,36,37,62,63,64,68"
307366709,PC,"2,5,8,9,10,11,12,28,29,32,35,36,37"
298206077,PC,"9,10,35,36"
295093397,PC,"9,10,35,36"
268125229,PC,"7,8,9,34,35,36,61"
267536225,PC,"7,8,9,34,35,36"
260120451,PC,"8,9,35,36,61,62"
192003741,PC,"8,9,35"
191671884,PC,"8,9,35"
191496430,PC,"8,9,35"
118406995,PC,"8,9,10,35,36,37,61,62,63"
101588793,PC,"9,35,36"
89617284,PC,"8,9,10,35,36"
76663549,PC,"8,9,35,36"
74881311,PC,"8,9,35,36"
48210046,PC,"9,35,36"
45896295,PC,"8,9,10,35,36,37"
45492609,PC,"9,35,36"
45299834,PC,"8,9,10,35,36,37,62,63,64"
44510874,PC,"9,35,36"
34499178,PC,"9,35,36"
33651215,PC,"9,35,36"
33159936,PC,"9,35,36"
30300445,PC,"8,9,35,36"
29505837,PC,"8,9,35,63"
29418536,PC,"8,9,35,36,62"
28945511,PC,"8,9,35"
24837152,PC,"8,9,35"
18794442,PC,"8,9,35,62"
11417087,PC,"8,9,35"
5485318,PC,"9,35"
5224772,PC,"8,9,35,36"
3840990,PC,"8,9,35,36"
3233861,PC,"8,9,35"
286152207,PC,"8,9,34,36"
302798365,PC,"9,10,11,12,36"
357299852,PC,"9,11,36,37,38"
356206412,PC,"9,10,11,36,37,38"
304025075,PC,"9,10,11,36,37,38"
469184909,PC,"9,10,36,37,63,64"
464328419,PC,"9,10,36,37"
464326872,PC,"9,10,36,37"
463508231,PC,"9,10,36,37"
462072242,PC,"9,10,36,37"
444394183,PC,"9,10,36"
439512298,PC,"9,10,36,37"
146841337,PC,"9,10,36,37"
136504576,PC,"9,10,36"
103183399,PC,"9,10,36"
36452991,PC,"9,10,36"
461136782,PC,"9,36"
453452264,PC,"9,36"
448536355,PC,9
437253811,PC,9
413372087,PC,"9,36"
361343239,CP,"9,36,37"
315096343,PC,"8,9,35"
289931756,PC,"9,36"
211446495,PC,"9,36"
168449943,PC,9
168384845,PC,9
148497855,PC,"9,36"
105759569,PC,"9,36"
97825640,PC,"9,36"
73433128,PC,"9,36"
49046332,PC,"9,36"
49045066,PC,"9,36"
48768158,PC,9
36718161,PC,"9,36"
36381058,PC,"9,36,62,63"
35855047,PC,"9,36"
34737413,PC,"9,36"
23435610,PC,"9,36"
402053027,PC,"8,9,35,36"
400762242,PC,"8,9,35,36,62,63"
386161311,PC,"9,10,35,36,62"
384034837,PC,"8,9,10,35,36,37"
357634632,PC,"9,10,35,36,37"
357202877,PC,"9,10,35,36,37"
356461227,PC,"9,10,35,36,37,62,64"
383949205,PC,"8,9,10,35,36,37"
383806208,PC,"8,9,10,35,36,37"
357801293,PC,"9,10,36,37,62,63"
356200601,PC,"9,10,11,35,36,37"
45296362,PC,"8,9,10,35,36,37"
45191604,PC,"8,10,35,36,37"
45054849,PC,"8,9,10,62"
287721202,PC,"3,6,9,10,11,12,13,29,30,33,36,37,38"
454248975,CP,"10,12,37,38"
452464529,PC,"10,11,12,37,39,64,65,66"
449491381,PC,"10,12,37"
282091492,PC,"10,11,12,37,39"
467955232,PC,"10,11,37,38"
465275307,PC,"10,11,37,38"
460686828,PC,"10,11,36,37"
401283491,PC,"10,11"
391645374,PC,"10,11,37"
390444761,PC,"10,11,37,38"
376209245,PC,"10,11,37"
373033374,PC,"10,11,37,38"
372596795,PC,"10,11,36,37,38"
361219651,PC,"9,10,11,36,37,38"
360706000,PC,"9,10,11,36,37,38"
323966987,PC,"10,11,37,38"
316652224,PC,"10,11,37,38"
304426002,PC,"10,11,37,38"
302003748,PC,"5,9,10,11,36,37,38,62"
288224503,PC,"10,11,37"
287584141,PC,"10,11,37"
269859655,PC,"9,10,11,36,37,38"
267712001,PC,"10,11,37"
160522555,PC,"10,11"
67798337,PC,"10,11,37,38"
464711858,PC,"9,10,36,37,63,64"
463590116,PC,"9,10,36,37,63,64"
463070290,PC,"9,10,36,37,63,64"
462135459,PC,"9,10,36,37"
461968320,PC,"9,10,36,37"
457268255,PC,"9,10,36"
452049244,PC,"10,37"
451084885,PC,"10,37"
448744179,PC,"10,37"
447976172,PC,"9,10,36,37"
447891218,PC,"9,10,36,37"
447593267,PC,"9,10,36,37"
443341002,PC,"9,10,36,37"
443042089,PC,"9,10,36,37,63,64"
439926641,PC,"9,10,36,37"
432467894,PC,"9,10,36"
428699140,CP,"10,37"
405620289,PC,"10,37,46"
397423462,PC,"10,36"
374158843,PC,"9,10,36,37"
364427226,PC,"9,10,36,37"
362607799,PC,"9,10,36,62"
347715478,PC,"10,36,46"
309913305,PC,"9,10,36,37"
306255021,PC,"10,37"
272885406,PC,"9,10,36,37"
272645619,PC,"10,36,37"
270075071,PC,"9,10,36,37"
229465678,PC,"10,37"
163262555,PC,"10,37,63,64"
163030461,PC,"10,36,37"
162620529,PC,"10,36,37"
147092818,PC,"9,10,36,37"
133129971,PC,"9,10,36"
132963419,PC,"9,10"
124454726,PC,"10,37"
124453339,PC,"10,37"
124146529,PC,"10,37"
103832313,PC,10
98662211,PC,"10,36,46"
94346376,PC,10
93093765,PC,"10,37"
58461209,PC,10
57793060,PC,"10,36"
22384839,PC,10
14715294,PC,"10,36"
454918388,PC,"11,12,39"
160023,PC,"11,38"
454876465,PC,"11,12,39"
453677947,PC,"10,11,12,37,39"
4711,PC,"11,38"
2876,PC,"11,38"
448923766,PC,"11,12,38,39"
448688668,PC,"11,12"
448098793,PC,"11,12,38"
418471796,PC,"11,12,39"
395514100,PC,"11,12,39,65,66"
270347814,PC,11
48661942,PC,"11,38"
394900138,PC,"11,12,39"
394443982,PC,"11,12,39"
387791274,PC,"11,12,38"
384244834,PC,"11,12,38"
361176558,PC,"11,12,39"
360816296,PC,"11,12,39"
359572563,PC,"11,12,39"
323980895,PC,"11,12,37,39"
296670796,PC,"11,12,38"
195256633,PC,"11,12,38"
36607746,PC,"11,12,38"
451254008,PC,"10,11,37"
449549170,PC,"11,38,64,65"
438777551,PC,"11,38,64,65"
425316308,PC,"11,37,38"
412371819,PC,"11,37,38"
411796826,PC,"11,38"
410554986,PC,"11,38"
403911354,PC,"10,11,37"
400712525,PC,"11,37,38"
383410746,PC,"11,12,37,38"
372960748,PC,"10,11,37,38"
372448111,PC,"10,11,36,37,38"
370385007,PC,"11,38"
366248595,PC,"11,38"
363661031,PC,"11,37,38"
245027119,PC,"11,37,38"
363202582,PC,"9,10,11,36,37,38"
344745774,PC,"10,11,37,64,65"
342375120,PC,"11,38"
336613507,PC,"11,38"
334757798,PC,11
333511802,PC,"11,38"
332880327,PC,"11,38"
331297805,PC,"11,38"
331160996,PC,11
121625070,PC,"11,38"
330885564,PC,"11,38"
330014070,PC,"11,38"
329691586,PC,"11,38"
329609449,PC,"11,38"
326662822,PC,"11,38"
321802774,PC,"11,38"
320994166,PC,"10,11,37,38,64,65"
319949055,PC,"10,11,37,38"
319806044,PC,"10,11,37,38"
318668441,PC,"10,11,37,38"
323002911,PC,"11,12,13,39"
316236118,PC,"10,11,37,38"
312508092,PC,"11,38"
307888842,PC,"10,11,37,38"
305492348,PC,"10,11,37,38"
303686889,PC,"9,10,11,36,37,38"
297668572,PC,"11,37,38"
297457992,PC,"11,37,38"
401952328,PC,"11,12,38"
295233473,PC,"10,11,37,38,64,65"
294385899,PC,"10,11,37,38"
294365631,PC,"10,11,37,38"
290263093,PC,"10,11,37,38"
289445553,PC,"11,38"
280857321,PC,"10,11,37,38,64,65"
269439355,PC,"9,11"
243641947,CP,"11,38"
242389810,PC,"11,38"
241752370,PC,11
241514551,PC,"11,38"
241326434,PC,"11,38"
209923610,PC,"11,38"
209707800,PC,"11,38"
208091447,PC,11
203476998,PC,"11,38"
179715231,PC,"11,38"
167597352,PC,"11,38"
165667705,PC,"11,37"
159262969,PC,"11,38"
125424836,PC,"11,37"
121194926,PC,"11,38"
107506563,PC,"11,38"
322901324,PC,"10,11,12,30,39"
369789627,PC,"11,12,13,38"
68523365,PC,"11,38"
370138999,PC,"1,2,9,13,27,28,29"
280096473,PC,"1,2,13,27,28,63,66,67,68,69"
469821652,PC,"13,27,66,67"
468055102,PC,"13,27"
466167563,PC,"13,27"
451566438,PC,"12,13,27,39"
410372968,PC,"13,27,66,67"
410358456,PC,"12,13,27,39"
410314178,PC,"1,12,13,27,39"
407922734,PC,"13,27,39"
406236094,PC,"13,27"
388280249,PC,"11,12,13,27,39"
372443687,PC,"13,27"
360822008,PC,"13,27"
325275736,PC,"13,27"
320327056,PC,"13,27"
319568619,PC,"13,27"
304130406,PC,13
179987678,PC,"1,13,27,67,68"
290302491,PC,"13,27"
254142310,PC,"13,27"
201660996,PC,"13,27"
166220082,PC,"13,27"
114181798,PC,"13,27"
113648563,PC,"13,27"
113117112,PC,"13,27"
79920467,PC,"13,27"
31786438,PC,"13,27"
464481762,PC,"13,66,67"
464445045,PC,13
464280516,PC,13
456574511,PC,13
451538240,PC,"12,13,39"
407772585,PC,"13,39"
384299730,PC,"12,13,39"
384016413,PC,"12,13,39"
383299778,PC,"12,13,39,65,66"
381982417,PC,"13,39"
380775661,PC,"13,39"
369861728,PC,"12,13"
365021641,PC,"13,39"
364072092,PC,"13,39"
332314607,PC,13
315398848,PC,13
312030014,PC,"12,13,39"
311565540,PC,"12,13,39"
311292015,PC,"12,13,39"
310854881,PC,"12,13,39"
307320565,PC,"12,13,39"
306357884,PC,"12,13,39"
304695574,PC,"13,39"
303617735,PC,"13,39"
301455423,PC,"12,13,39"
292477426,PC,"13,39"
276647494,PC,"12,13,39"
256158543,PC,"12,13,39"
255768108,PC,"13,39"
194795551,CP,"13,39"
193782529,PC,13
160930264,PC,13
120033290,PC,13
119950057,PC,13
119089245,PC,"13,39"
86419190,PC,"13,39"
86021841,PC,"13,39"
75919790,PC,"13,39"
75076261,PC,"12,13,39"
57093805,PC,13
21997420,PC,"13,39"
6404965,PC,13
131347421,PC,"7,8,34"
229138584,PC,"2,3,29,30"
131419624,PC,"7,8,34,35"
131250246,PC,"7,8,34,35,61,62"
186459119,PC,"8,35,61"
131025778,PC,"7,8,34"
130797885,PC,"7,8,34,35"
118603213,PC,"8,34"
174426662,PC,"7,8"
118072143,PC,"8,34,61"
173260345,PC,"7,8"
59536337,PC,"7,8,33,34,35"
170405772,PC,"6,7,8,33,34"
437215469,PC,"7,8,34"
26051436,PC,"8,34"
18795429,PC,"8,34"
152326573,PC,"7,8,34"
410159011,PC,"8,35"
152005053,PC,"7,8,34"
405485201,PC,"8,35"
238012337,PC,"6,7,8,33,34,35"
150424946,PC,"7,8,34"
396794358,PC,"8,35"
149745822,PC,"7,8,34"
131348451,PC,"7,8,34,35"
386456916,PC,"8,34,61"
145910571,PC,"7,8,34,35"
332710679,PC,"8,35"
145904365,PC,"7,8,34,35"
145023816,PC,"7,8,34,61"
144682439,PC,"7,8,34,61"
277833423,PC,"8,35,45,46"
144467913,PC,"7,8,34"
271486001,PC,"8,34,35,61"
270649648,PC,"8,34"
270471065,PC,"8,34"
270457662,PC,"8,34"
455272393,PC,"8,35,45,46,62"
394338713,PC,"11,12,39"
393196631,PC,"11,12,39"
207981861,PC,"12,39"
392995938,PC,"11,12,38"
364431259,PC,"12,39"
149022647,PC,"12,38"
143934343,PC,"12,38"
363083571,PC,"12,39"
126125073,PC,"12,38"
361710792,PC,"12,39"
360475034,PC,"11,12,39"
360473750,PC,"11,12,38,64,65"
357661805,PC,"11,12,39"
357312511,PC,"11,12,39"
340228388,PC,"11,12,38"
335860261,PC,"11,12,38"
39858507,PC,"12,39"
334080358,PC,"11,12,38"
324116813,PC,"11,12,37"
292889298,PC,"11,12"
290504044,PC,"12,38"
454361389,PC,"11,12,37,39,64,65"
447192619,PC,"12,39"
277538491,PC,"10,11,12,37,38"
407166076,PC,"12,39"
406861922,PC,"12,39"
274367763,PC,"12,38"
272983172,PC,"12,39"
402391147,PC,"12,39"
402219289,PC,"12,39"
396316939,PC,"11,12,39"
395926728,PC,"11,12,39"
221882319,PC,"12,39"
394672497,PC,"11,12,38,39"
221861843,PC,"12,39"
394570569,PC,"11,12,39"
221785300,PC,"12,39"
394492339,PC,"11,12,39"
208719443,PC,"12,39"
390988385,PC,"14,41,54"
57753734,PC,"14,41,54"
244487927,PC,"14,41,54"
30254887,PC,"14,40,41,54"
123007594,PC,"14,41,53,54"
1712954983,PC,14
417129824,PC,"14,41,55"
429036977,PC,"15,55"
106224627,PC,"14,15,41,55"
417047499,PC,"14,15,41"
313408643,PC,"14,15,41,55"
304514922,PC,"15,55"
15460993,PC,"15,55"
13424053,PC,"14,15,41"
248058363,PC,"15,56"
247283596,PC,"15,41,55"
247283054,PC,"15,41,55"
233415701,PC,"14,15,41,55"
195750008,PC,"15,41,55"
184295571,PC,"14,15,41,54"
436314778,PC,"14,15,41,55"
2010186093,PC,"16,56"
407694390,PC,"15,16,56"
407658979,PC,"15,16,56"
290308758,PC,"14,15,16,41,55"
289100911,PC,"15,16,56"
287591638,PC,"15,16,56"
265242905,PC,"15,16,41,56"
190479710,PC,"15,16,56"
162387333,PC,"15,16,56"
162179096,PC,"15,16,56"
352690548,PC,"17,57"
352469839,PC,"16,17,41,55"
194461202,PC,17
343726435,PC,"15,16,17,56,57"
13961554,PC,"17,57"
277505161,PC,"15,16,17,55"
267861788,PC,"15,17,55"
252549844,PC,"16,17,57"
233795794,PC,"14,15,16,17,41,55"
173711153,PC,"16,17,57"
173298412,PC,"16,17,57"
173176491,PC,"16,17,57"
65981892,PC,"16,17,57"
620780629,PC,"17,57"
432761635,PC,"17,57"
422881018,PC,"17,57"
414922696,PC,"17,42,43,57"
455784423,CP,"17,57"
186292194,PC,"17,57"
429218084,PC,"15,16,17,55"
365447203,PC,"16,17,56"
186614891,PC,"18,58"
445496795,PC,"18,58"
445407434,PC,"17,18,58"
433144048,PC,"18,58"
139559780,PC,18
139507260,PC,18
415976665,PC,"18,58"
116848450,PC,"18,58"
410552165,PC,"18,58"
396556650,PC,18
65446983,PC,18
63470437,PC,"18,58"
308613965,PC,"18,58"
250803548,PC,"18,58"
241135327,PC,"18,58"
240989628,PC,"17,18,58"
240823272,CP,"17,18,58"
470822809,PC,18
385400633,PC,"18,19,58"
366311757,PC,"19,43,44,59"
251652214,PC,"18,19,58"
174826170,PC,19
355008856,PC,19
171160885,PC,"19,43,44,59"
155351556,PC,19
417942201,PC,19
3027681,PC,"19,43,44,45"
321894059,PC,"19,59"
701926762,PC,19
666567477,PC,19
284174392,PC,"19,43,44,59"
468777766,PC,19
284173938,PC,"19,43,44,59"
81593515,PC,"18,19"
280254984,PC,"18,19,52"
9833284,PC,19
9830791,PC,19
8621049,PC,19
68850908,PC,"20,44,45,47"
802227190,PC,20
459755750,PC,"20,47"
458419328,CP,"20,47"
312811620,PC,20
252912175,PC,"20,47"
21291176,PC,20
190250689,PC,20
289661991,CP,"14,20,40,47,60"
252876117,PC,20
138475192,PC,"19,20,40,47,52,59"
149995163,PC,"20,47"
102848207,PC,"20,47,53"
95660472,CP,"20,44,45,46,47,71,72"
841226526,PC,"14,20,21,40,41,47"
801354155,PC,"21,48"
393853275,PC,"21,48"
356736743,PC,"14,20,21,40,41,47,48,60"
355953198,PC,"20,21,40,41,47,48"
330795142,PC,"21,48"
900240532,PC,"21,48"
298074043,PC,"14,15,20,21,40,41,47,48,60"
287231664,PC,"21,47,48"
165985431,PC,21
149917086,PC,"14,21,41,47,48"
147994863,PC,"14,20,21,40,41,47,48"
147890655,PC,"14,20,21,40,41,47,60"
143008050,PC,"15,21,41,48"
142739544,PC,"14,20,21,40,41,53"
142635225,PC,"14,20,21,40,41,47,48,60"
142618165,PC,"14,20,21,40,41,47,48,60"
142562395,PC,"14,20,21,41,47,48,60"
126325149,PC,"21,44,45,46"
125552076,PC,"21,48"
105379013,PC,21
86273567,PC,"20,21,47,60"
416542079,PC,"15,22,49"
141205978,PC,"15,22,48,49"
320208949,PC,"15,16,22,49"
165989915,PC,"14,15,16,21,22,41,48,49"
153978165,PC,"14,15,22,41,49"
150388393,PC,"15,22,48,49"
950525831,PC,"15,21,22,41,48"
459215281,PC,"15,16,22,48,49"
445837596,PC,"15,21,22,41,48"
154181821,PC,"14,15,16,21,22,41,48,49"
441697509,PC,"15,16,22,23"
357373216,PC,"16,22,23,49,50"
288434231,PC,"16,22,23,49"
165723070,PC,"15,16,22,23,49,50,51"
161003569,PC,"16,22,23,49,50"
158617175,PC,"15,16,22,23,49,50"
158497525,PC,"16,22,23,49,50"
155898758,PC,"16,23,49,50"
68074302,PC,"16,23,50"
23815847,PC,"16,23,49,50"
434171145,PC,"17,24,57,58"
422514153,PC,"16,17,18,24,56,57"
388393034,PC,"17,24,57"
375981105,PC,"17,18,24,57,58"
372207084,PC,"16,17,18,24,58"
371676181,PC,"17,24,57"
345697569,PC,"17,24,57"
343330330,PC,"15,16,17,24,55,56"
336824844,PC,"16,17,24,57,58"
336399144,PC,"16,17,24"
336092760,PC,"16,17,24,57,58"
334493051,PC,"16,17,18,24,57"
334385701,PC,"16,17,24,56"
321861405,PC,"16,17,18,24,57,58"
320503729,PC,"14,15,16,17,18,19,20,21,22,23,24,40,41,47,48,49,50,51"
316453500,PC,"16,17,24,57"
309849817,PC,"16,23,24,49,50,51"
275421144,PC,"16,17,18,24,56"
272785423,PC,"14,15,16,17,18,20,21,23,24,41,47,48,49,50,51"
272219353,PC,"17,18,24,57"
271761420,PC,"17,18,24,57,58"
271439193,PC,"17,18,24,57"
256867493,PC,"14,15,16,17,21,24,41,51,55"
252049912,PC,"17,24,57"
237221436,PC,"14,17,18,19,20,23,24,40,47,50,52,53,54,57,58"
237077180,PC,"15,17,24,55"
154293917,CP,"16,23,24"
116382006,PC,"16,23,24,50,51"
468329664,PC,"18,19,24,52"
312548829,PC,"17,18,24,58"
25773352,PC,"17,24,57"
418133917,PC,"17,18,24"
403347341,PC,"17,18,24,57,58"
283015592,PC,"17,18,24,57"
83148519,PC,"17,18,24,58"
289264348,PC,"18,19,25,52,58"
280315875,PC,"18,19,25,52,58"
85791385,PC,"19,25,52"
85429139,PC,"19,25,52"
461491274,PC,"17,18,24,25,58"
407313319,PC,"18,24,25,52"
470678283,PC,"18,19,20,25,40,47,52"
470169396,PC,"17,18,19,24,25,52,58"
441730540,PC,"14,16,17,18,19,20,21,22,24,25,40,41,47,48,49,50,51,52,53,54,55,56"
427866520,PC,"17,18,24,25,57,58"
406634633,PC,"17,18,24,25,52,58"
390021939,PC,"14,15,16,17,18,19,20,21,22,23,24,25,40,41,48,49,50,51,52,54,56"
387330895,PC,"15,16,17,18,24,25,52,56,57,58"
366580825,PC,"16,17,18,19,20,22,23,24,25,40,49,52"
366120401,PC,"14,25,41,52"
322262448,PC,"17,18,24,25,57,58"
298264260,PC,"16,17,23,25,49,50"
279769094,PC,"17,18,24,25"
255865833,PC,"15,16,17,18,19,22,24,25,49"
233053554,PC,"14,15,16,17,18,20,21,23,24,25,40,41,47,48,50,51,53,54,55,56,57"
230388132,PC,"14,15,16,17,18,20,21,22,23,24,25,40,41,47,48,49,50,51,52,55,57,58"
229639351,PC,"14,15,16,17,18,19,20,21,22,23,24,25,40,41,47,48,49,50,51"
229508727,PC,"14,15,17,18,19,20,21,22,23,24,25,40,41,47,48,49,50,51,52,53,54,55"
648958344,PC,"18,25"
628103717,PC,"18,24,25,52,58"
627323667,PC,"18,24,25,52,58"
444724127,PC,"18,24,25,52,58"
444558604,PC,"18,24,25,58"
310002617,CP,"14,19,21,26,40,41,47,52"
302381397,PC,"19,20,26,40,47,59"
289373041,PC,"14,26,40,53,54"
288242606,PC,"14,18,19,20,21,25,26,40,41,47,48,51,52"
272782321,PC,"14,15,16,17,18,20,21,23,24,26,41,47,48,49,50,51,53,54,55,56"
264295655,PC,"18,19,20,24,25,26,40,52"
264223828,PC,"17,18,19,24,25,26,52"
264173803,PC,"14,15,16,17,18,19,20,21,22,23,25,26,40,41,47,48,49"
243297296,PC,"14,15,16,17,18,19,20,21,22,23,24,25,26,40,41,47,48,49,50,51,52,54"
243280335,PC,"14,15,16,19,20,23,26,40,41,47,49,50"
235902467,PC,"18,19,20,24,25,26,40,47,52"
233576159,PC,"14,15,17,18,19,20,21,22,23,24,25,26,40,41,47,48,49,50,51,52,53,54,55"
232632239,PC,"14,15,16,17,18,19,20,21,22,23,24,25,26,40,41,47,48,49"
232603560,PC,"14,15,16,17,18,19,20,22,23,24,25,26,40,41,47,48,49,50,52,54"
230006888,PC,"14,15,16,17,18,19,20,21,22,23,24,25,26,40,41,47,48,50,51,52,53,54,55"
229786610,PC,"14,15,16,17,19,20,21,22,23,25,26,40,41,47,49,50,51,52,53,54,55,56,57"
199610140,PC,"16,17,19,22,23,24,25,26,49,50,51,52,59"
159438097,PC,"14,19,20,21,25,26,40,41,47,48,52,59"
137420801,PC,"19,20,26,40,47,59"
123357034,PC,"14,26,40,41,53"
468396217,PC,"19,25,26,52,59"
420680343,PC,"18,19,25,26,52"
417646390,CP,"19,26,52"
400093775,PC,"19,20,26,53"
313194972,PC,"19,20,26,40,52"
279947414,CP,"18,19,25,26,52,53"
406926040,PC,"14,15,16,19,20,22,23,26,40,41,47,49,50,53,54,55,56,59"
470156846,PC,"18,19,20,24,25,26,52"
462553953,PC,"14,15,19,20,21,26,40,41,47,48,49,53"
420112217,PC,"14,15,16,17,18,19,20,21,22,23,24,25,26,40,41,47,48,49,50,51,52"
389777651,PC,"14,20,26,40,47"
372747949,PC,"17,18,19,24,25,26,52"
366972162,PC,"17,18,19,24,25,26,52"
362223355,PC,"14,18,19,20,24,25,26,40,47,52,58"
358613376,PC,"14,20,21,26,40,41,53,60"
356822426,PC,"14,15,16,17,18,19,20,21,23,24,25,26,40,41,47,48,49,50,51"
41995709,PC,3
382419744,PC,"2,3"
67598139,PC,3
67566164,PC,3
332579116,PC,5
220144363,PC,6
53593542,PC,6
95057860,CP,6
237603062,PC,6
158697949,PC,6
280645209,PC,"6,33"
281242007,PC,6
280304556,PC,6
200090347,PC,6
385654601,PC,"7,34"
409594381,PC,"7,33,34"
7274938,PC,"7,34"
142628514,PC,7
346995484,PC,"7,34"
334252687,PC,"7,34"
157088184,PC,"6,7,33,34"
148667071,PC,"7,34,61"
127328218,PC,"7,34,61"
99081059,PC,"7,33,34"
127895118,PC,"7,61"
81055189,PC,7
30825828,PC,"8,9,35"
24615998,PC,"8,9,35"
19547831,PC,"8,9,35,62"
4102368,PC,"8,9,62"
190986054,PC,"8,9"
269249506,PC,"7,8,9,34,35"
74967390,PC,"8,9,35,36"
442050698,PC,"9,10,36,37"
178657161,PC,"10,36,37"
151920165,CP,"9,10,36"
146842334,PC,"9,10,36,37"
146664561,PC,"9,10,36"
133331642,PC,"9,10,36"
290388627,PC,"10,11,37,38"
469811655,PC,"13,27,66,67"
466682238,PC,"13,27,66,67"
466222485,PC,"13,27"
387193925,PC,"13,27"
374348168,PC,"13,27"
343952976,PC,"12,13,39"
294097592,PC,"3,6,7,8,9,13"
290407621,PC,"12,13,39"
278821913,PC,"1,2,3,4,5,6,8,9,10,11,12,13,27,28,29,30,31,32,33,34,35,36,37,38,61"
278540265,PC,"11,12,13,27"
257520272,PC,"12,13,27"
101696403,PC,"13,27"
325527653,PC,"12,13,27"
147302550,PC,"1,28"
139877968,PC,"1,28"
99648579,PC,"1,28"
120523488,PC,"2,29"
224279091,PC,"2,29"
178215634,PC,"4,5,31"
441135051,PC,"4,31"
166778944,PC,"4,31"
237358490,PC,"3,4,5,30,31"
299551666,PC,"5,31"
165201455,PC,"4,30,31"
422884521,PC,"4,31"
439873430,PC,"4,31"
118573065,PC,"4,31"
89062142,PC,"4,31"
279095914,PC,"4,31"
219225319,PC,"3,4,5,30,31"
100974694,PC,"3,4,30,31"
206717400,PC,"4,31"
283605976,PC,"5,32,42,43,44,70,71"
31258738,PC,"5,6,32"
399757537,PC,"5,32"
431693152,PC,"5,32"
316875094,PC,"5,32"
302759417,PC,"6,32,43,44,45"
200321577,PC,"4,5,6,31,32"
153723304,PC,"4,5,30,31,32"
50745119,PC,"6,32"
139550876,PC,"5,31,32"
243011228,PC,"5,32,42,43,44"
250189842,PC,"5,32"
34395020,PC,"6,32"
9344899,PC,"5,32"
293514367,PC,"5,32,43,44"
436637677,PC,"5,32,43,44"
37117064,PC,"6,33"
322825139,PC,"6,33"
144486060,PC,"5,6,32,33"
177718896,PC,"7,33"
317089770,PC,"6,32,33"
251111783,PC,"6,33"
268689126,PC,"7,33"
269190305,PC,"7,33"
306363166,PC,"6,33"
124322274,PC,"6,7,33"
142530031,PC,"6,7,33"
322824542,PC,"6,33"
119638424,PC,"6,33"
39824732,PC,"6,33"
270716565,PC,"6,33"
52738649,PC,"6,33"
97866515,PC,"6,33,43,44,45"
438368981,PC,"6,33,43,44,45"
438149332,PC,"6,33,43,44,45"
97714451,PC,"6,33,43,44,45"
280292434,PC,"6,33"
265619984,PC,"6,33"
237637903,PC,"6,33"
23725901,PC,"7,33"
293931909,PC,"6,33"
269278156,PC,"6,33"
160180298,PC,"5,31,33"
235078021,PC,"5,6,32,33"
59770954,PC,"6,33,44,45"
153412485,PC,"6,33"
291580615,PC,"7,33"
237700098,PC,"6,33"
306604742,PC,"6,33,43,44,45"
267197567,PC,"6,7,32,33"
119556803,PC,"6,33"
53744258,PC,"6,7,33"
291332861,PC,"6,33"
440849210,PC,"7,33,44,45,46"
119069946,PC,"6,33"
143072696,PC,"6,33"
21747057,PC,"5,6,32,33"
157127081,PC,"6,7,33,34"
333814134,PC,"7,34"
112110888,PC,"7,34,61"
455153906,PC,"7,34"
148129139,PC,"6,7,33,34"
412521892,PC,"7,34"
196286578,PC,"7,8,34"
170221808,PC,"6,7,33,34"
231937828,PC,"7,32,34"
176242778,PC,"7,34"
409207712,PC,"7,33,34"
50751260,PC,"7,34"
127012328,PC,"7,34"
431981595,PC,"7,34"
134221850,PC,"6,7,8,33,34"
65949719,PC,"7,34"
95589845,PC,"7,34"
65905621,PC,"7,33,34"
265011923,PC,"7,34"
274137295,PC,"7,34"
65805840,PC,"7,33,34"
280307604,PC,"7,34"
419092044,PC,"7,8,34"
50575306,PC,"7,34"
320341952,PC,"7,33,34,61"
96317115,PC,"6,33,34"
174546820,PC,"7,8,34"
281225729,PC,"7,33,34"
81744640,PC,"7,33,34"
333810741,PC,"7,34"
32004914,PC,"7,34"
19447218,PC,"7,34,61"
156990000,PC,"6,7,33,34,61"
354937825,PC,"7,8,34,35,61"
52936161,PC,"8,9,34,35"
179687771,PC,"8,35"
291469139,PC,"7,8,33,34,35"
1260235,PC,"8,34,35"
17896514,PC,"8,35"
176442805,PC,"8,34,35"
77550515,PC,"8,35"
434428836,PC,"8,35"
19612445,PC,"8,9,35,62"
38118291,PC,"8,35"
453060368,PC,"8,35"
131034657,PC,"7,8,34,35"
258051471,PC,"8,34,35,61"
143994382,PC,"7,8,34,35,61,62"
186541435,PC,"8,35"
332705008,PC,"8,35,62"
60377863,PC,"7,8,34,35"
74712191,PC,"8,9,35,36"
74530173,PC,"8,9,35,36"
70780410,PC,"9,35,36,62"
44514807,PC,"9,35,36"
35972578,PC,"9,36"
152467154,PC,"10,36"
71341774,PC,"9,36"
322807371,CP,"9,36"
48274889,PC,"9,35,36,62"
35758536,PC,"9,36"
74484423,PC,"8,9,35,36,62"
362370757,PC,"9,10,35,36,62,63"
71221700,PC,"9,36,62,63"
168158622,PC,"9,35,36,62"
310822679,PC,"9,10,36"
463754499,PC,"9,10,36,37"
133512515,PC,"9,10,36,37"
458300989,PC,"10,36,37"
447054140,PC,"9,10,36,37"
144155193,PC,"10,37"
45465399,PC,"8,9,10,35,36,37"
359735804,PC,"9,10,36,37,62,63"
458331312,PC,"10,36,37"
446463666,PC,"9,10,36,37"
72504752,PC,"10,37"
274911400,PC,"9,10,36,37"
309292963,PC,"4,5,8,10,35,36,37"
441936163,PC,"9,10,36,37,62,63,64"
6010784,PC,"10,37"
469333534,PC,"9,10,36,37"
463365347,PC,"9,10,36,37"
438278301,PC,"9,37"
81693792,PC,"10,36,37"
124235800,PC,"10,37"
376610581,PC,"11,36,37"
425508314,PC,"11,37"
457789844,PC,"10,36,37"
385459345,PC,"9,10,35,36,37,62"
447585233,PC,"9,10,36,37"
356835341,PC,"9,10,11,35,36,37"
303814029,PC,"10,36,37"
219769290,PC,"10,37"
72401290,PC,"10,37"
440937096,PC,"9,10,36,37,62,63"
317362389,PC,"11,38"
60859922,PC,"11,38"
155419920,PC,"12,38"
132611413,PC,"12,38"
411943564,PC,"11,37,38"
307099276,PC,"10,11,37,38"
376421071,PC,"11,36,37,38"
448820344,PC,"11,12,38"
359403471,PC,"11,38"
307221757,PC,"11,38"
296850254,PC,"11,37,38,64,65"
148772620,PC,"1,2,3,4,5,6,7,8,9,10,11,38"
68030406,PC,"11,37,38"
241638905,PC,"11,38"
457018819,PC,"11,38"
166242494,PC,"11,37,38"
418567812,PC,"12,38"
242190195,PC,"11,38"
332017079,PC,"11,38"
382975217,PC,"11,37,38"
160476088,PC,"11,38"
401028336,PC,"11,12,38"
245341495,PC,"11,37,38"
448435566,PC,"11,12,38"
405571798,PC,"11,37,38"
147723246,PC,"12,38"
188865842,PC,"12,38"
457649900,PC,"11,38"
290337456,PC,"12,38"
329672278,PC,"1,2,3,4,5,6,7,8,9,10,11,38"
210681065,PC,"11,38"
129890791,PC,"1,2,3,4,5,6,7,8,9,10,11,38"
295507430,PC,"10,11,37,38,64,65"
243476396,PC,"11,38"
406106335,PC,"11,37,38"
149585119,PC,"12,38"
397522142,PC,"10,37,38"
148478039,PC,"11,38"
210629725,PC,"11,38"
68081952,PC,"11,37,38"
311736478,PC,"11,12,38"
200435203,PC,"4,5,31,32"
14029793,PC,"5,6,31,32"
80137654,PC,"6,7,33"
177391159,PC,"7,33"
5592720,PC,"7,34"
293607057,CP,"9,35"
295312916,PC,"12,13,39"
362111691,PC,"12,39"
360221713,PC,"12,39"
294295243,PC,"12,13,39"
384709136,PC,"12,13,39"
340624586,PC,"12,39"
76228620,PC,"13,39"
179230828,PC,"9,36"
179230828,PC,"9,36"
95709395,PC,"12,39"
449107129,PC,"11,12,38,39"
463781038,PC,"12,39"
245728942,PC,"12,39"
287494667,PC,"2,3,5,6,9,10,11,12,13,29,30,32,33,35,36,37,38,39,62,63,64"
362032529,PC,"12,39"
294691204,PC,"12,13,39"
420829332,PC,"12,39"
310266243,PC,"12,13,39"
403405969,PC,"12,39"
344130921,PC,"12,13,39"
161247580,PC,"12,39"
76894548,PC,"13,39"
154400369,PC,"12,39"
46807139,PC,"12,38,39"
283665218,PC,"12,38,39"
318180448,PC,"13,27,39"
401509690,PC,"11,12,38,39"
396649769,PC,"12,38,39,65,66"
412828754,PC,"12,39"
282221346,PC,"12,38,39"
75522633,PC,"13,39"
291857895,PC,"12,39"
261020738,PC,"12,38,39"
282701278,PC,"12,38,39"
324426685,PC,"13,27,39"
216925130,PC,"12,39"
37291237,PC,"12,39"
277034534,PC,"12,13,39,66,67"
458027465,PC,"12,39"
214218272,PC,"12,39"
294768072,PC,"12,13,39"
173979859,PC,"12,39"
407127579,PC,"12,13,39,65,66"
288671122,PC,"14,18,19,20,24,25,26,40,47,52"
68453985,PC,"14,40"
441590110,PC,"19,20,26,40,47"
141677268,PC,"19,20,26,40,47,52,59,60"
359469754,PC,"14,40"
336125492,PC,"14,26,40"
336126253,PC,"14,26,40"
21101556,PC,"14,15,18,21,25,26,40,41,48,58"
267810289,PC,"14,15,16,17,20,23,40,41,47,50"
320324079,PC,"14,15,16,17,18,19,20,21,22,23,24,25,26,40,41,47,48,49,50,51"
158323182,PC,"14,15,26,40,41"
65845738,PC,"15,41,56"
159117779,PC,"14,20,21,26,40,41,47,48"
147892178,PC,"14,20,40,41,47"
110738386,PC,"14,40,41"
111108561,PC,"14,40,41"
265979849,PC,"15,41"
236632480,PC,"15,41"
256561562,PC,"14,15,16,17,18,21,24,41,47,48,51,57"
233409941,PC,"14,15,16,17,41,55,57"
406361982,PC,"14,15,41,55"
383645563,PC,"15,16,17,18,19,20,21,22,23,24,25,26,40,41,47,48,49,50,51,52,56,57,59,60"
313453776,PC,"15,20,21,40,41,47,48"
154014059,PC,"14,15,21,22,41,47,48,49"
288428649,PC,"14,15,16,17,18,19,20,21,22,23,24,25,40,41,47,48,49,50,51,52,58"
259100469,PC,"14,15,16,18,19,20,21,22,23,24,25,26,40,41,47,48,49,50,51,52,57,58"
335681838,PC,"15,16,21,22,23,41,48,49"
154814765,PC,"14,19,21,26,40,41,47"
219016883,CP,"14,15,16,21,22,23,41,47,48,49"
230290708,PC,"14,26,40,41"
305948428,PC,"14,40,41"
322504451,PC,"15,16,41,56"
352151292,PC,"14,15,16,41,56"
289307883,PC,"15,41"
185598695,PC,"14,15,41"
278105308,PC,"14,41"
395385033,PC,"14,41"
158325942,PC,"14,26,40,41"
356146869,PC,"14,17,21,24,25,40,41,51,52,58"
375419034,PC,"14,40,41"
402828941,PC,"14,41"
219847787,PC,"14,15,16,17,18,19,20,21,22,23,24,25,26,40,41,47,48,49,50,51,52,53,54,56,57,58"
153971295,PC,"14,15,22,41,47"
359321688,PC,"14,40,41"
296461391,PC,"14,16,41,56"
278668358,PC,"15,16,41,55"
356682805,PC,"14,20,21,40,41,47,48"
276381737,PC,"15,16,17,41,55,56"
194679333,PC,"15,41"
405932063,PC,"14,15,16,41,56"
171312653,PC,"14,41"
58798731,PC,"17,42,43,57"
387401076,PC,"4,31,42,43"
306204904,PC,"17,42,43"
435871546,PC,"17,42,43,57"
270406298,PC,"4,31,42,43"
436843539,PC,"18,42,43,44,58"
387515920,PC,"4,31,42,43,44"
101348333,PC,"18,42,43,44"
90669930,PC,"18,43,44"
21119973,PC,"18,42,43,44,58"
34781378,PC,"18,42,43,44,58"
96170689,PC,"19,43,44,59"
308522539,PC,"19,43,44"
366754985,PC,"19,43,44"
332564140,PC,"8,35,61,62"
438519486,PC,"6,33,44,45"
172353721,PC,"20,43,44,45"
52517713,PC,"6,43,44,45"
68443254,PC,"20,44,45"
52420398,PC,"6,43,44,45"
302895184,PC,"6,43,44,45"
155369758,PC,"6,33,44,45"
247912728,PC,"6,33,44,45"
1942969,PC,"19,43,44,45,59"
302419660,PC,"6,32,43,44,45"
127229631,PC,"6,43,44,45"
69295263,PC,"7,34,44,45,46"
262736264,PC,"8,35,45,46"
126322519,PC,"21,44,45,46"
307951656,PC,"21,45,46"
73250068,PC,"20,47"
456335739,PC,"21,47"
142785421,PC,"14,20,21,40,47"
267484403,PC,"14,15,16,17,41,47,56,57"
302381442,PC,"19,20,40,47"
9151337,PC,"20,47,60"
98833877,PC,"20,47"
154563411,PC,"14,21,40,41,47"
366298702,PC,"20,47"
392064198,PC,"20,44,45,46,47"
29169215,PC,"21,47"
160165689,PC,"14,19,20,25,40,47"
29069242,PC,"20,47"
141762491,PC,"19,20,26,40,47,59,60"
51094586,PC,"20,47"
9907513,PC,"20,47"
192969211,PC,"20,47"
88529975,PC,"20,47"
53394475,PC,"20,47"
159160230,PC,"15,16,48"
287268770,PC,"14,21,41,47,48"
101592219,PC,"21,48"
224293782,PC,"15,21,22,41,48"
252469648,PC,"21,48"
233070717,PC,"14,15,16,17,18,19,20,21,22,23,24,25,40,41,47,48,49,50,51,52,56,57,58,60"
229713401,PC,"14,15,16,17,18,19,21,22,24,25,26,40,41,47,48,49,50,51,52,53,54,55,56"
232624234,PC,"14,15,16,17,18,19,20,21,22,23,24,25,26,40,41,47,48,49,50,51,52,53,54,55,56,57"
148960849,PC,"14,15,21,41,47,48"
235711993,PC,"14,15,18,19,20,21,25,40,41,47,48,51,52,59"
224299081,PC,"15,21,22,48"
288162228,PC,"14,15,19,20,21,40,41,47,48"
420174131,PC,"14,15,16,17,18,19,20,22,23,24,25,40,41,47,48,49,50,52"
233173039,PC,"14,16,21,22,41,48,49"
136992839,PC,"15,16,22,49"
154258295,PC,"15,22,23,49"
166054851,PC,"15,16,21,23,48,49"
353807936,PC,"14,15,16,17,18,19,20,21,22,23,24,25,40,41,47,48,49,50,51,52,56,57,58,59,60"
256326844,PC,"14,15,16,17,24,41,47,50,54,55,56,57"
232628532,PC,"14,15,16,17,18,19,20,21,22,23,24,25,40,41,47,48,49,50,51,52,56,57,58,59,60"
298729646,PC,"14,15,16,18,19,20,21,22,23,24,25,26,40,41,47,48,49,50"
282940781,PC,"15,16,22,23,48,49,50"
441736986,PC,"14,15,16,17,18,19,21,22,23,24,25,40,41,47,48,49,50,51,52,56,57,58,59,60"
198161914,PC,"15,16,17,18,19,20,21,22,23,24,25,40,41,47,48,49,50,51,52,57,58,59,60"
274223601,PC,"16,17,23,24,25,50,51,52,59"
387329912,PC,"15,16,18,22,24,25,52"
426144112,PC,"18,19,24,25,52"
317594531,PC,"18,19,24,25,52"
354832924,PC,"18,19,25,52"
459836041,PC,"19,20,25,40,47,52,53"
445795465,PC,"19,26,52,53"
459189798,PC,"19,20,26,40,47,53"
102846772,PC,"20,40,47,53"
279920478,PC,"18,19,25,26,52,53"
351077390,PC,"14,40,41,54"
363029616,PC,"14,54"
230292034,PC,"14,25,26,40,52,53,54"
336072306,PC,"14,40,52,53,54"
184531966,PC,"14,41,54,55"
373816781,PC,"15,16,55"
138671052,PC,"15,16,55"
282890159,PC,"14,41,54,55"
13574009,PC,"15,55"
233788275,PC,"14,15,16,55"
273780062,PC,"14,15,41,54,55"
279179610,PC,"15,16,55"
467211520,PC,"14,16,40,41,54,55"
224635135,PC,"14,15,41,55"
65737977,PC,"15,41,55"
239361732,PC,"15,41,55"
239529652,PC,"14,41,54,55"
165948070,PC,"15,55"
163164300,PC,"15,55"
322593401,PC,"15,16,41,55"
158552665,PC,"14,40,41,53,54,55"
27230283,PC,"14,15,40,41,54,55"
303456821,PC,"15,16,41,55"
63659057,PC,"14,15,41,55"
159104028,PC,"14,40,41,54,55"
366846982,PC,"15,16,55,56"
116631353,PC,"15,55,56"
120115768,PC,"16,56"
125367522,PC,"15,55,56"
352442207,PC,"15,16,41,54,55,56"
313975346,PC,"15,17,56"
115739057,PC,"16,56"
357872559,PC,"15,16,55,56,75"
188800346,PC,"15,16,41,55,56"
352892371,PC,"15,16,55,56"
468765355,PC,"16,56"
129108133,PC,"16,56"
115683877,PC,"16,56"
372178596,PC,"15,16,56"
195606729,PC,"15,41,55,56"
312289279,PC,"15,16,55,56"
120051913,PC,"16,56"
294904059,PC,"14,15,16,41,55,56"
188001223,PC,"14,15,41,55,56"
190822775,PC,"15,16,56"
193979250,PC,"14,15,41,55,56"
331456189,PC,"16,56"
314649737,PC,"15,16,56"
257056367,PC,"15,16,56"
351864831,PC,"14,15,16,41,55,56"
346077232,PC,"17,24,57"
469702377,PC,"16,17,56,57"
440636649,PC,"17,57"
194234471,PC,"17,57"
387933822,PC,"15,16,56,57"
44621795,PC,"17,57"
455727012,PC,"17,57"
422223456,PC,"16,17,56,57"
325410269,PC,"16,56,57"
154351773,PC,"16,56,57"
154576989,PC,"16,56,57"
25758870,PC,"17,57"
173671381,PC,"16,17,57"
314088020,PC,"15,16,17,56,57"
428317266,PC,"16,17,24,57"
375116172,PC,"15,16,55,56,57"
325653071,PC,"16,56,57"
352147273,PC,"17,57"
176789447,PC,"17,57"
66788350,PC,"16,17,56,57"
437736517,PC,"17,57"
252610172,PC,"16,17,57"
202087931,PC,"17,57"
202282233,PC,"17,57"
430431091,PC,"16,56,57"
125489084,PC,"16,17,57"
319294834,PC,"17,24,57"
249776059,PC,"16,56,57"
15654898,PC,"17,57"
276250096,PC,"16,17,56,57"
22712134,PC,"18,58"
240714633,PC,"17,57,58"
256576519,PC,"16,17,18,24,57,58"
26390980,PC,"18,42,43,44,58"
238751619,PC,"18,58"
34977731,PC,"18,42,43,58"
456171328,PC,"18,58"
369907772,PC,"18,58"
285505979,PC,"18,58"
326809267,PC,"17,18,58"
177712122,PC,"18,58"
186810676,PC,"18,58"
186989177,PC,"18,58"
320505267,PC,"17,57,58"
445370101,PC,"17,18,58"
301414902,PC,"18,58"
412887082,PC,"16,17,24,57,58"
353893493,PC,"18,42,43,44,58"
52260140,PC,"18,24,58"
470724594,PC,"17,18,24,57,58"
192487723,PC,"18,58"
272218608,PC,"17,18,24,57,58"
354742440,PC,"17,18,24,57,58"
292852583,PC,"18,58"
301991463,PC,"18,58"
270132709,PC,"17,24,57,58"
63586213,PC,"18,58"
249884767,PC,"18,58"
415875608,PC,"18,58"
101133275,PC,"18,58"
407156755,PC,"17,18,24,25,58"
327126871,PC,"17,24,57,58"
381591826,PC,"18,58"
332496784,PC,"18,58"
376765646,PC,"18,24,25,52,57,58"
285328782,PC,"17,18,24,58"
327093061,PC,"18,58"
241062925,PC,"18,58"
260040728,PC,"19,59"
321258259,PC,"19,59"
470450936,PC,"19,59"
266609407,PC,"19,59"
392674549,PC,"19,59"
355418639,PC,"19,59"
122881136,PC,"19,59"
259708416,PC,"19,59"
267617257,PC,"19,59"
458987621,PC,"19,59"
148514918,PC,"19,59"
311284709,PC,"19,59"
407517154,PC,"18,19,24,25,52,58,59"
274472658,PC,"19,59"
279725262,PC,"19,59"
115899725,PC,"19,43,44,45,59"
286951368,PC,"19,59"
468501184,PC,"18,19,24,58,59"
390410937,PC,"18,19,58,59"
9441591,PC,"19,59"
251594291,PC,"18,58,59"
458890024,PC,"18,19,59"
367522211,PC,"19,43,44,45,59"
16552586,PC,"20,47,60"
138344895,PC,"19,20,40,52,53,59,60"
239159011,PC,"20,44,45,46,47,60"
318071201,PC,"20,47,60"
88460991,PC,"20,47,60"
147821208,PC,"14,20,40,41,47,60"
309512152,PC,"20,60"
359629653,PC,"14,15,16,17,18,19,20,21,22,23,24,25,40,41,47,48,49,50,51,53,54,55,56,57,58,59,60"
287207371,PC,"20,47,60"
88999533,PC,"7,34,61"
150470555,PC,"7,8,34,61"
265076459,PC,"7,34,61"
94405787,PC,"7,34,61"
141395223,PC,"7,34,61"
142908390,PC,"7,61"
31605271,PC,"7,34,61"
97925605,PC,"7,33,34,61"
97279971,PC,"6,7,33,34,61"
142916753,PC,"7,34,61"
106829921,PC,"7,33,34,61"
176082442,PC,"7,34,61"
169191182,PC,"7,34,61"
157050713,PC,"6,7,33,34,61"
106626059,PC,"7,33,34,61"
36022284,PC,"7,34,61"
107617930,PC,"7,34,61"
140740440,PC,"7,34,61"
141458054,PC,"7,34,61"
98159959,PC,"7,33,34,61"
107776260,PC,"7,34,61"
142420436,PC,"7,34,61"
22972676,PC,"7,8,33,34,61"
238914510,PC,"1,5,6,7,8,11,28,32,34,35,38,61"
54141697,PC,"7,34,61"
141933255,PC,"7,34,61"
32296259,PC,"7,34,61"
60189629,PC,"7,33,34,35,61"
290415036,PC,"7,34,61"
139707575,PC,"7,34,61"
332383229,PC,"7,34,61"
348297468,PC,"7,34,61"
422031406,PC,"7,34,61"
125563127,PC,"7,34,61"
97588014,PC,"7,33,34,61"
323569398,PC,"8,34,44,45,46,61"
150559728,PC,"7,8,34,61"
66242670,PC,"7,33,34,61"
146413471,PC,"7,8,34,35,61"
146413471,PC,"7,8,34,35,61"
93862917,PC,"7,34,61"
123133954,PC,"7,34,61"
453009027,PC,"7,34,61"
190643105,PC,"8,9,62"
186707229,PC,"8,35,61,62"
385157401,PC,"9,35,62"
180931993,PC,"8,35,61,62"
4598935,PC,"8,9,35,36,62"
12061971,PC,"9,35,36,62"
410901394,PC,"6,7,8,33,34,35,61,62"
140706833,PC,"8,9,35,61,62"
410303247,PC,"9,35,62"
132314633,PC,"7,8,34,35,61,62"
380528770,PC,"8,35,62"
11927677,PC,"9,35,62"
181208298,PC,"8,35,61,62"
81089255,PC,"7,8,34,35,61,62"
101225566,PC,"9,35,62"
294394558,PC,"6,7,8,9,33,34,35,36,61,62"
281286325,PC,"9,35,62"
37754672,PC,"8,35,62"
423445163,PC,"9,36,62"
118754987,PC,"8,35,61,62"
25212199,PC,"8,9,35,62"
438376091,PC,"9,10,35,37,62,63"
36808091,PC,"9,36,63"
374741750,PC,"9,10,36,37,63"
303426966,PC,"10,37,63"
371596277,PC,"10,11,36,37,38,63"
72806004,PC,"9,36,62,63"
35973654,PC,"9,36,62,63"
75580659,PC,"8,9,35,36,62,63"
358838026,PC,"9,10,63"
177257073,PC,"1,3,4,5,6,7,8,9,10,11,13,27,28,29,30,31,32,33,34,35,36,37,38,39,61,62,63"
469008497,PC,"9,35,36,62,63"
54145416,PC,"9,36,63"
358164738,PC,"9,10,11,36,37,62,63"
361154154,PC,"9,11,36,37,63"
439618305,PC,"9,10,36,37,62,63"
101961987,PC,"9,36,63"
446524637,PC,"9,10,36,37,63"
5709314,PC,"9,35,36,62,63"
188128470,PC,"9,36,63"
382688257,PC,"8,9,35,36,62,63"
71674064,PC,"9,36,62,63"
167720788,PC,"1,3,4,5,6,7,8,9,10,11,13,27,28,30,31,32,33,34,35,36,37,38,39,61,63"
57694405,PC,"10,36,63"
363417404,PC,"9,36,63"
54238138,PC,"9,36,63"
49066806,PC,"9,36,63"
297853363,PC,"9,10,35,36,62,63"
72542131,PC,"9,36,62,63"
464544047,PC,"9,10,36,37,63"
46104747,PC,"8,9,10,35,36,37,62,63"
280647591,PC,"9,35,36,62,63"
80384677,PC,"10,36,37,63"
306248357,PC,"10,37,63"
142171554,PC,"10,37,63"
133850380,PC,"7,8,34,35,61,62"
73310180,PC,"10,37,64"
243550555,PC,"11,38,64"
419503191,PC,"11,37,38,64"
464542805,PC,"9,10,36,37,63,64"
272251987,PC,"11,37,38,64"
304363215,PC,"10,37,63,64"
308010949,PC,"10,37,63,64"
94012094,PC,"10,37,64"
438629686,PC,"11,37,38,64"
374155286,PC,"9,10,11,36,37,63,64"
363259409,PC,"9,10,11,36,37,64"
131312528,PC,"10,64"
91794828,PC,"10,37,63,64"
72123144,PC,"10,37,64"
463868678,PC,"9,10,36,37,63,64"
241297273,PC,"11,38,64"
361344753,PC,"9,37,63,64"
131195882,PC,"10,37,64"
22452837,PC,"10,37,64"
325647810,PC,"11,38,64,65"
263207857,PC,"12,38,39,65"
242532142,PC,"11,38,65"
400968492,PC,"10,11,37,38,64,65"
366315051,PC,"11,38,65"
291668351,PC,"11,38,65"
289076007,PC,"11,38,65"
76706043,PC,"11,38,65"
149179763,PC,"1,2,3,4,5,6,7,8,9,11,12,13,27,28,29,31,32,33,34,35,36,37,38,39,62,63,65"
439381274,PC,"11,38,64,65"
241592217,PC,"11,38,65"
260539542,PC,"1,2,4,5,6,7,8,9,11,12,28,29,31,32,33,34,35,36,38,39,61,62,65"
443199889,PC,"11,38,64,65"
312612366,PC,"11,38,65"
457446242,PC,"11,38,65"
292349703,PC,"11,12,38,39,65"
400491269,PC,"10,11,37,38,64,65"
330424797,PC,"11,38,65"
209054294,PC,"11,38,65"
460316238,PC,"11,38,65"
446918603,PC,"12,39,65"
332887363,PC,"11,38,65"
149450435,PC,"1,2,3,4,6,7,8,9,10,11,12,13,27,28,29,30,31,32,33,34,35,36,37,38,39,61,62,63,64,65"
171886633,PC,"12,39,66"
307232923,PC,"12,13,39,66"
361403927,PC,"12,39,65,66"
345056639,PC,"13,39,66"
301247383,PC,"12,39,66"
367900542,PC,"12,39,66"
426901646,PC,"12,39,65,66"
381448973,PC,"12,39,66"
301248781,PC,"12,39,66"
261192051,PC,"12,39,66"
381468938,PC,"13,39,66"
383313006,PC,"13,38,65,66"
234540647,PC,"12,39,66"
96829917,PC,"12,39,66"
420369105,PC,"12,39,66"
304430662,PC,"12,39,66"
469813927,PC,"13,27,67"
421990278,PC,"13,27,67"
467931774,PC,"13,39,66,67"
419738713,PC,"1,27,67"
219978369,PC,"13,27,67"
201658484,PC,"13,27,67"
319568755,PC,"13,27,67"
101272159,PC,"13,27,67"
352438619,PC,"13,27,66,67"
290403522,PC,"1,13,27,67"
233964924,PC,"1,2,3,28,29,68"
278525028,PC,"1,68"
281666033,PC,"2,28,68"
259884973,PC,"1,2,27,28,29,67,68"
302453291,PC,"1,28,68"
469967533,PC,"1,2,28,29,68"
350861689,PC,"1,2,3,4,5,7,8,9,10,11,12,13,27,28,29,30,31,32,33,34,35,36,37,38,39,61,62,63,64,65,66,67,68,69"
197808753,PC,"2,4,29,30,31,69"
55363630,PC,"1,2,4,5,6,7,8,9,10,11,12,27,28,29,30,31,32,34,35,36,37,38,39,61,62,63,64,65,67,68,69"
237909527,PC,"1,2,28,29,68,69"
367439938,PC,"19,43,44,45,59,71"
70897115,PC,"19,59,60,73"
322369867,PC,"15,16,41,55,56,75"
1881298619,PC,"14,15,41,54,55,74,75"
345143460,PC,"17,24,57,77,78"
160039081,PC,"16,23,24,25,49,50,51,76,78"
219697927,PC,"14,20,40,60,74"
428673146,PC,"10,36,63"
345143460,PC,"17,24,57,77,78"
79292541,PC,"6,7,33"
177162886,PC,"9,10,11,12,13,27,29,30,31,32,33,34,35,36,37,39,61,62,63,64,65,66,67,68,69"
261257684,CP,"12,13,27,38,39"
261257684,CP,"12,13,27,38,39,61,65,66,67"
298372701,PC,"12,39,65"
369327947,CP,"12,13,27,39,66,67"
116483514,CP,"16,23,24,50,51,77,78"
159781361,CP,"16,23,24,50,77,78"
260128333,CP,"4,5,6,7,8,9,10,11,12,27,28,29,30,31,32,34,35,36,37,38,39"
154762431,PC,"16,56"
439942982,PC,"17,57"
335952150,PC,"14,17,21,24,25,26,40,41,47,50,51,52,53,54,57,58,59,60,73,74"
198458010,PC,"14,16,17,18,20,21,23,24,25,26,40,47,48,49,50,51,52,53,54,56,57,58,59,60"
331644554,PC,"16,56"
206669860,PC,"2,28,68"
199949052,PC,"16,56,57,76,77"
318022259,PC,"20,47,60"
318022259,PC,"20,47,60"
318022259,PC,"20,47,60"
400430915,PC,"20,40,41,47,50,54,55"
106940971,PC,"12,39,66"
260647166,CP,"10,11,37"
260647166,CP,"10,11,37"
260647166,CP,"10,11,37"
219701535,PC,"9,36"
229490898,PC,"14,15,16,17,18,19,20,21,22,23,24,25,26,40,41,47,48,49,50,51,52,53,54,55"
270341214,PC,"1,13,27,28,39,66,68"
353475866,CP,"19,43,44,45,72"
97568467,CP,"6,33,45,72"
281924357,PC,"10,11,12,33,36,37,38,39,64,65,66"
32090583,PC,"1,2,3,4,6,7,8,9,10,11,12,13,27,28,29,30,31,32,33,34,36,37,38,39,61,62,63,64,66,67,68,69"
229715760,PC,"14,15,16,17,19,20,21,22,23,24,25,26,40,41,47,49,50,51,52,53,54,55,60"
375542276,PC,"14,40,41,54"
302518439,PC,"14,20,26,40,47,60,74"
372757221,PC,"14,20,21,26,40,41,47,53,60,73"
29960110,CP,"4,31"
417931607,CP,"14,15,21,22,41,48,75"
372759746,PC,"14,20,21,40,41,47,48,74,75"
142276270,CP,"14,15,21,22,41,48,75"
142276270,CP,"14,15,21,22,41,48,75"
459970307,PC,"14,15,16,17,18,19,20,21,22,24,25,26,40,41,47,48,49,50,51,52,53,54,55,56,57,58,59,60,74,75"
1716467085,PC,"14,26,40,41,53,54,55,74,75"
264052454,PC,"17,18,19,20,24,25,26,40,52,53,58"
1167538,CP,"5,31,32"
67181830,PC,"19,59,73"
142276270,CP,"14,15,21,22,41,48,75"
99869022,CP,"14,21,41,48,75"
142394656,CP,"15,21,22,41,48,49,75"
202426247,CP,"14,15,16,21,22,23,41,48,49,50,75"
427041513,PC,"14,15,41,55,75"
286763141,PC,"9,35,36,62,63"
143842198,PC,"7,8,61,62"
233188747,PC,"14,15,16,20,21,22,40,41,47,48,49,60"
198162530,PC,"14,15,16,17,18,19,21,22,23,24,25,47,48,49,50,51,52,54,55"
147203645,PC,"1,28,68"
234519192,PC,"2,28,29,68,69"
355509914,PC,"1,2,28,29,68,69"
234345288,PC,"1,2,13,27,29,67,69"
231912935,PC,"1,2,28,29,68,69"
377064495,CP,"8,35,45,46,72"
344927749,PC,"8,35,45,46,62,72"
4486230,PC,"20,44,45,46,60,71,72"
9006668,CP,"2,29,69"
228507250,PC,"2,29,69"
123482865,CP,"7,8,34,35"
322807675,PC,"9,36"
358248442,PC,"2,3,4,29,30,31,69"
166053959,PC,"15,16,21,23,41,48"
5972036,PC,"9,35,36,62,63"
219338557,PC,"1,28,68"
425934411,PC,"1,2,28,29,68,69"
281781375,PC,"1,2,28,29,68,69"
234345288,PC,"1,2,13,27,29,67,69"
415969908,PC,"2,29,42,69"
415969908,PC,"2,29,42,69"
201793781,PC,"2,3,29,30,69"
180285396,PC,"2,3,29,69"
156075294,PC,"2,29,69"
144301052,PC,"2,29,69"
9100874,PC,"2,29,69"
175477257,PC,"2,29,69"
206352378,PC,"1,2,28,68,69"
156002449,PC,"2,29,69"
27966179,PC,"2,29,69"
13023378,PC,"2,29,69"
369336146,PC,"2,29,69"
251878904,PC,"2,29,69"
251855940,PC,"2,29,69"
156016136,PC,"2,29,69"
31374837,CP,"5,6,32"
31374837,CP,"5,6,32"
237928815,PC,"2,4,8,29,30,31,38,62,65,68,69"
167303382,PC,"1,2,3,5,6,7,8,9,10,11,12,13,27,28,29,30,32,33,35,36,37,38,39,61,62,63,65,66,67,68,69"
100757807,PC,"5,6,32,33"
207237016,PC,"2,3,4,29,30,69"
44792534,CP,"4,5,31"
31553893,PC,"13,27,67"
79748331,CP,"13,27,67"
79748331,CP,"13,27,67"
161032923,PC,"13,66"
468148930,PC,"13,27,66,67"
80166433,PC,"13,27,67"
150428703,PC,"4,5,6,7,9,10,11,12,13,27,28,29,30,31,32,33,34,36,37,38,39,62,63,64,65,67,68"
403136415,PC,"1,28,68"
179580045,PC,"1,2,3,5,6,7,8,9,10,11,12,13,27,28,29,30,32,33,35,36,37,38,39,61,62,63,64,65,66,67,68,69"
302924206,PC,"1,3,28,29,30,68,69"
314865962,PC,"1,2,3,6,9,13,27,28,29,30,33,36,39,62,63,66,67,68,69"
118327533,PC,"2,29,69"
70785910,PC,"2,29,69"
183675732,PC,"2,29,69"
259592689,PC,"3,4,5,6,30,31,32,33,36,63,66"
38939275,PC,"4,5,6,7,8,9,10,11,12,13,27,28,29,30,31,32,33,34,35,36,37,38,39,61,62,63,64,65,66,67,68,69"
260655847,PC,"1,2,3,4,5,6,7,8,9,10,11,12,13,27,28,29,30,31,32,33,34,35,36,38,39,61,62,63,65,66,67,68,69"
388130237,PC,"1,3,4,5,6,7,8,9,10,11,13,27,28,29,30,31,32,33,34,35,36,37,38,39,61,62,63,64,65"
11521555,PC,"8,9,35,62"
462615350,PC,"16,24,25,40,41,47,48,49,50,51,52,53,55,56,57,58,59,60"
103633434,CP,"14,20,21,40,41,47,60,74"
288132261,PC,"14,20,21,26,40,41,47,48,53,60,73,74"
188768068,CP,"17,20,24,25,26,40,47,50,51,53,54,57,60,74"
293617835,PC,"20,21,47,74"
85242435,PC,"20,47,60,74"
230075227,PC,"14,16,17,18,19,20,21,22,23,24,25,26,40,41,47,48,49,50,51,52,53,54,55,56,57,58,59,60,73,74"
367630162,PC,"14,19,20,26,40,47,53,73,74"
367630162,PC,"14,19,20,26,40,47,53,73,74"
367630162,PC,"14,19,20,26,40,47,53,73,74"
367630162,PC,"14,19,20,26,40,47,53,73,74"
40466976,PC,"14,40,41,54,74"
22069559,PC,"14,40,41,54,74"
441587756,PC,"20,26,40,47,53,60,73,74"
298070500,PC,"14,20,21,26,40,41,47,48,53,73,74"
441614965,PC,"20,26,40,47,53,60,74"
209459275,CP,"4,31"
232967440,CP,"14,15,21,22,41,47,48,74"
153949511,PC,"14,15,21,47,48,74"
232971294,PC,"14,15,20,22,40,41,47,74"
289164482,PC,"14,26,40,53,54,74"
251852984,PC,"2,29,69"
55559618,PC,"1,2,3,4,5,6,7,8,9,10,11,12,13,27,28,29,30,31,32,33,34,35,36,37,38,61,62,63,64,65,67,68,69"
382625239,PC,"2,3,4,5,27,28,29,30,31,32,33,34,35,37,38,39,61,62,63,64,65"
273418421,PC,"1,13,27,28,67,68"
382258844,PC,"1,3,4,5,6,7,8,9,10,11,13,27,28,30,31,32,33,34,36,37,38,39,61,63,64,65,66,67,68,69"
356871098,PC,"14,15,16,17,18,19,21,22,24,25,26,40,47,48,49,51,52,53,54,55"
99989903,PC,"14,15,21,41,48"
243313296,PC,"14,15,16,20,23,26,40,41,49,50"
298074836,PC,"14,15,20,21,22,40,47,48,60"
284900292,PC,"17,19,20,22,23,24,25,26,40,41,47,48,49,50"
287152495,PC,"14,15,16,17,18,19,20,21,22,23,24,25,26,40,41,47,48,49,50,51,52,53,54,55,56,57,58,59,60"
120183168,PC,"14,26,40,41,53,54,74"
167342439,PC,"1,2,3,4,5,6,7,8,9,11,12,13,28,29,30,31,32,33,34,35,36,38,39,61,62,64,65,66,67,69"
308994098,PC,"1,4,8,9,10,11,28,31,34,36,37,38,61,62,64,68,69"
306472057,PC,"4,5,6,8,9,10,12,13,27,28,29,30,31,32,33,34,35,36,37,38,39,61,62,63,64,65,66,67,68,69"
149349867,PC,"1,2,3,5,6,7,8,9,10,12,13,27,28,29,30,32,33,35,36,37,38,39,61,63,64,66,67,68,69"
120183168,PC,"14,26,40,41,53,54,74"
115242351,PC,"2,29,69"
80439101,PC,"2,29,69"
66497310,PC,"2,29,69"
308994098,PC,"1,4,8,9,10,11,28,31,34,36,37,38,61,62,64,68,69"
350153977,CP,"1,12,13,27,28,39,66,67,68"
421894914,PC,"1,13,27,67"
369960846,PC,"13,27,39,65,66,67"
362709886,PC,"12,39,66"
141770198,PC,"1,2,3,4,5,6,7,8,9,10,11,12,13,27,28,29,30,31,32,33,34,35,36,37,38,39,61,62,63,64,65,66,67,68,69"
149989864,PC,"1,2,3,4,5,7,8,9,10,11,12,13,27,28,29,30,31,32,33,34,35,37,38,39"
149989864,PC,"1,2,3,4,5,7,8,9,10,11,12,13,27,28,29,30,31,32,33,34,35,37,38,39,61,62,63,65,66,68,69"
270341214,PC,"1,13,27,28,39,66,67,68"
32090583,PC,"1,2,3,4,6,7,8,9,10,11,12,13,27,28,29,30,31,32,33,34,36,37,38,39,61,62,63,64,66,67,68,69"
238059180,PC,"2,6,7,8,9,12,29,32,33,34,35,39,61,62,66,69"
294395926,PC,"3,6,7,8,9,13,30,33,34,35,36,61,62,67,69"
141527579,PC,"1,2,3,4,5,7,8,9,10,11,12,13,27,28,29,30,31,32,33,34,35,36,37,38,39,61,62,63,64,65,66,67,68,69"
237914496,PC,"1,2,3,4,7,11,27,29,30,31,34,37,61,62,63,64,65,67,68,69"
167342439,PC,"1,2,3,4,5,6,7,8,9,11,12,13,28,29,30,31,32,33,34,35,36,38,39,61,62,64,65,66,67,69"
306472057,PC,"4,5,6,8,9,10,12,13,27,28,29,30,31,32,33,34,35,36,37,38,39,61,62,63,64,65,66,67,68,69"
382068562,PC,"1,2,3,4,5,6,7,8,9,10,11,12,13,27,28,29,30,31,32,33,34,35,36,37,38,39,61,63,64,65,66,67,68,69"
260130483,PC,"11,12,13,27,28,29,30,31,32,33,34,35,36,37,38,39,61,62,64,65,66,67,68,69"
261108236,PC,"1,4,8,11,12,13,27,28,31,38,39,61,62,65,66,67"
364393429,PC,"1,2,3,4,5,6,7,8,9,10,11,12,13,27,28,29,30,31,32,33,34,35,37,38,39,61,62,63,64,65,67,68,69"
150428703,PC,"4,5,6,7,9,10,11,12,13,27,28,29,30,31,32,33,34,36,37,38,39,62,63,64,65,67,68"
177079323,PC,"1,2,3,4,5,6,7,8,9,11,12,13,27,28,29,31,32,33,34,35,36,37,38,61,62,63,64,65,66,67,68,69"
220414682,PC,"1,2,3,4,5,6,7,8,9,10,11,12,13,27,28,29,30,31,32,33,34,35,36,37,38,39,62,63,64,65,66,68,69"
2758565,PC,"2,29,69"
141768070,PC,"1,2,3,4,5,6,7,8,9,10,11,12,13,27,28,29,30,31,32,33,34,35,36,37,38,39,61,62,63,64,65,66,67,68,69"
278198753,PC,"1,3,4,7,10,11,12,13,27,30,31,33,34,37,38,39,61,63,64,65,66,67"
379240073,PC,"13,66"
332558858,CP,"5,31"
237922465,CP,"2,3,4,8,11,28,29,30,31,38"
260985861,PC,"11,12,13,27,28,38,39,61,62,65,66,67,68"
280095254,PC,"2,6,13,27,28,29,36,63,66,67,68,69"
339961200,PC,"3,4,6,7,8,9,10,13,27,30,33,34,36,37,61,62,63,64,67,68,69"
144138509,PC,"9,36,46,63"
278895705,PC,"1,2,3,4,5,6,8,9,10,11,12,13,27,28,29,30,31,32,33,34,35,36,38,39,61,62,63,65,66,67,68,69"
271596225,PC,"1,2,3,4,5,6,7,8,9,10,11,12,13,27,28,29,30,31,32,33,34,35,36,37,38,39,61,62,63,64,66,67,68,69"
271596225,PC,"1,2,3,4,5,6,7,8,9,10,11,12,13,27,28,29,30,31,32,33,34,35,36,37,38,39,61,62,63,64,66,67,68,69"
30037565,PC,"1,2,3,4,5,6,7,8,9,10,11,12,13,27,29,30,31,32,33,34,35,36,37,39,61,62,63,64,65,66,67,68,69"
364395234,PC,"1,3,4,5,6,7,8,9,10,11,13,27,28,30,31,33,34,35,36,37,38,61,62,63,64,67,68,69"
177308364,PC,"1,2,3,4,5,6,7,8,9,10,11,12,13,27,28,29,30,31,32,33,34,35,36,37,38,39,61,62,63,64,65,66,67,68,69"
134471108,PC,"6,7,8,33,34,61"
435878153,PC,"17,57"
7413227,PC,"11,38,64"
438073782,PC,"6,33,43,44,45"
286864983,PC,"10,37,64"
38460940,PC,"1,3,4,5,7,8,11,12,27,28,29,30,31,32,34,35,37,38"
54962195,CP,"9,35,62"
271596225,PC,"1,2,3,4,5,6,7,8,9,10,11,12,13,27,28,29,30,31,32,33,34,35,36,37,38,39,61,62,63,64,66,67,68,69"
255685030,PC,"5,6,7,8,12,32,33,34,35,61,66,68,69"
341420329,PC,"7,8,9,34,35,36,61,62,63"
80711765,PC,"7,8,34,35,61,62"
294324819,PC,"7,8,30,33,34,35,36,61,62,63,67,69"
408416746,PC,"8,35,62"
358253047,PC,"2,3,4,29,30,31,35,62,65,69"
297361900,PC,"11,37,38,64,65"
259230140,PC,"12,38,39,65"
307716123,PC,"5,9,10,11,12,29,32,35,36,37,38,62,63,64,65,69"
307849973,PC,"9,11,35,36,37,38,62,63,64,65,69"
4843495,PC,"21,48"
167656187,PC,"2,3,4,5,6,7,8,9,10,12,13,27,28,29,30,31,32,33,34,35,36,37,38,39,62,63,64,66,67,68,69"
140691463,CP,"9,11,12,13,27,28,29,30,31,32,33,34,35,36,37,38,39,61,62,63,64,65,66,67,68,69"
179317684,CP,"9,10,11,12,13,27,28,29,30,31,32,33,34,35,36,37,38,39,61,62,63,64,65,66,68,69"
452866790,CP,"7,34,61"
1003831,CP,"8,34,61"
83092282,CP,"8,9,34,35,61,62"
158588995,CP,"9,10,36,63"
150428135,CP,"1,3,4,5,6,7,8,9,10,11,13,27,28,30,31,33,34,35,36,37,38,61,62,63,64,65,66,68,69"
150428135,CP,"1,3,4,5,6,7,8,9,10,11,13,27,28,30,31,33,34,35,36,37,38,61,62,63,64,65,66,68,69"
150428135,CP,"1,3,4,5,6,7,8,9,10,11,13,27,28,30,31,33,34,35,36,37,38,61,62,63,64,65,66,68,69"
150428135,CP,"1,3,4,5,6,7,8,9,10,11,13,27,28,30,31,33,34,35,36,37,38,61,62,63,64,65,66,68,69"
11561667,CP,"9,35,62"
181804752,CP,"9,36,63"
193641523,CP,"11,12,38,65"
362249359,CP,"9,10,11,36,37,63,64"
261867566,CP,"12,38,39,65,66"
394561119,CP,"11,12,13,38,39,65,66"
360156606,CP,"11,12,38,64,65"
287156968,CP,"11,12,13,27,38,39,65,66,67"
243335710,PC,"14,15,16,17,18,19,20,21,22,23,24,25,26,40,41,47,48,49,50,51,52,53,54,55,59"
173002823,PC,"21,48"
1042432,PC,"21,48"
134200185,CP,"6,7,8,33,34,35,61"
220479565,CP,"3,4,5,6,10,13,30,31,32,33,36,63,64,66,67"
29781292,CP,"1,2,3,4,5,6,7,8,9,10,11,12,13,27,28,29,30,31,33,34,35,36,37,38,39,61,62,63,64,65"
262746281,CP,"8,35,45,46,61,72"
219189765,CP,"9,36,63"
383390264,CP,"12,13,27,65,66,67"
445859771,CP,"15,16,22,23,48,50"
219015370,CP,"14,15,16,20,21,22,40,41,47,48,49"
101037590,CP,"18,58"
232982938,CP,"14,15,16,17,18,19,20,21,22,23,24,25,26,40,41,47,48,49,50,51,52,59"
258510872,CP,"15,16,17,18,21,22,24,25,48,51,52"
239823606,PC,"19,43,44,45,59,73"
284738182,PC,"7,8,33,34,61"
165317334,PC,"10,37,63,64"
172518755,CP,"21,44,45,46,48,72"
165317334,PC,"10,37,63,64"
130181866,CP,"20,44,45,46,47,72"
366499151,PC,"7,44,45,46,61,72"
396562848,CP,"18,19,25,26,52,53,59"
178819686,CP,"10,37,64"
178819686,CP,"10,37,64"
270604417,CP,"8,34,61"
130415266,PC,"6,8,33,34,35,61"
361218772,PC,"9,10,11,36,37,38,63"
279922257,PC,"18,19,25,26,52,53"
172033454,PC,"20,43,44,45,60"
440150441,PC,"17,57"
258940847,PC,"17,57"
147561732,PC,"14,20,21,40,41,47,60"
192014454,PC,"20,47"
452920657,PC,18
141522677,PC,"19,20,26,40,47,59,60"
278415929,PC,"7,11,12,13,27,38,39"
298981199,PC,"5,32"
458641144,PC,"7,34"
167719618,PC,"1,2,3,4,5,6,7,8,10,11,12,13,27,28,29,30,31,32,33,34,35,36,37,38,39"
369768787,PC,"11,12,13,38,39"
293743169,PC,"7,61"
265010875,PC,"7,34,61"
60984804,PC,"8,35,62"
193023697,PC,"9,36,62"
152569268,PC,"10,36,37,63"
370009806,PC,"1,2,3,13,27,28,29,30,63,67,68,69"
20375215,PC,"9,36,63"
192943720,PC,"9,36,62,63"
112115898,PC,"7,34,61"
19451711,PC,"7,34,61"
38509907,PC,"1,2,3,4,5,7,8,9,10,11,12,27,28,29,30,31,32,34,35,37,38,39,61,62,63,64,65"
286864983,PC,"10,37,64"
432132155,PC,"8,35"
152563846,PC,"10,36,37,63"
466113537,PC,"10,11,63,64"
269333648,CP,"7,8,9"
458199018,PC,"10,36,37,63,64"
55650590,CP,"1,2,3,4,5,6,7,8,9,10,11,12,13,27,28,29,30,31,32,33,34,35,36,37,38,39,61,62,63,65"
181804752,CP,"9,36,63"
25799609,PC,"7,34,61"
107782586,PC,"7,34,61"
257241363,PC,"20,44,45,46,47,60,71,72"
358557578,PC,"9,36,62,63"
44764338,PC,"9,35,36,62,63"
45655786,PC,"9,35,36,62,63"
90127880,PC,"8,9,35,61,62"
437560683,PC,"9,10,62,63"
280655495,CP,"9,35,36,62,63"
34297761,PC,"9,35,36,62,63"
219187649,PC,"9,63"
198187049,PC,"14,15,16,17,18,19,21,22,24,25,40,41,47,48,49,50,51,52,53,54,55,56,57,58,59"
407653728,PC,"15,16,56"
455947620,PC,"17,57"
455947620,PC,"17,57"
186812530,CP,"7,34,44,45,46,71"
453211454,CP,"7,34,46,71,72"
453211454,CP,"7,34,46,71,72"
438170612,PC,"6,33,43,44,45,71"
468889418,PC,"5,42,43,44,70,71"
4165850,PC,"20,44,45,46,47,60,71"
377064495,CP,"8,35,45,46,72"
377064495,CP,"8,35,45,46,72"
399870368,CP,"5,32,71"
176797879,PC,"4,31"
59351345,PC,"6,33,43,44,45,71"
438412198,PC,"6,33,43,44,45,71"
116668723,PC,"19,43,44,45,71"
247906954,PC,"6,33,44,45,71,72"
399868187,PC,"5,32"
321578632,PC,"19,59"
67031480,PC,"19,59"
428767018,PC,"19,59"
428867906,PC,"19,59"
424388628,PC,"14,15,16,17,18,19,20,21,23,24,25,26,40,41,47,48,49,50,51,52,53,54,55"
272670038,PC,"21,22,40,41,47,48,49,50,53,54,56,57,60"
237204346,PC,"18,19,24,57,58,59,60"
237205154,PC,"14,16,17,18,19,20,21,23,24,40,41,47,49,50,51,52,59"
99896567,PC,"14,15,41,55"
160223936,PC,"14,19,20,25,26,40,47,52,53"
432758245,PC,"17,57"
88114177,PC,"21,45"
218795833,CP,"7,34,61"
272782368,PC,"14,15,16,17,18,20,21,23,24,26,47,48,49,50,51"
189013224,PC,"5,32"
388816604,PC,"3,30,42,43,70"
9030119,PC,"2,29,42,70"
53875855,PC,"17,57"
414019147,PC,"16,17,24,57"
278666476,PC,"1,28,68"
8995204,PC,"2,29,42,69,70"
47425697,PC,"2,29,69"
175456679,PC,"2,28,29,69"
306263608,CP,"17,42,43,70"
306263608,CP,"17,42,43,70"
21130820,PC,"18,42,43,44,58,70"
55525572,CP,"4,5,6,8,9,10,11,12,13,27,28,29,30,31,32,33,34,35,36,37,38,39,61,62,63,64,65"
12421862,CP,"2,29"
309792357,CP,"1,2,3,4,5,6,7,8,9,10,11,12,13,27,29,30,31,32,33,34,35,36,37,39,61,62,63,64,66,67,68,69"
139285832,CP,"1,2,28"
179034327,CP,"4,5,31,32"
290348383,CP,"13,27,67"
268301217,CP,"7,9,34,35,36,61,62"
371188886,CP,"9,10,11,36,37,38,63"
441738827,CP,"15,16,18,19,20,21,22,23,24,25,47,48,49"
142748283,CP,"14,20,21,40,41,47,53,60"
142748283,CP,"14,20,21,40,41,47,53,60"
39414571,CP,"6,33"
7548817,CP,"14,25,26,40,52"
68007716,CP,"7,34"
234160911,PC,"6,33"
394357918,CP,"1,28,39"
144193715,CP,"1,28,68"
103448870,PC,"19,25,26,52,53"
234388232,PC,"7,44"
321069529,PC,"20,47"
426032475,PC,"1,2,13,27,28,29,66,67,68,69"
391949880,CP,"1,8,11,12,13,27,28,31,38,39,61,62,65,66,67,68"
267263253,CP,"1,27,28,67,68"
129637892,PC,"1,28,68"
167415965,PC,"1,2,3,4,5,6,7,9,10,11,12,13,27,28,29,30,31,32,33,34,35,36,37,38,39,62,63,64,65,66,67,68"
29781292,CP,"1,2,3,4,5,6,7,8,9,10,11,12,13,27,28,29,30,31,33,34,35,36,37,38,39,61,62,63,64,65"
29781292,CP,"1,2,3,4,5,6,7,8,9,10,11,12,13,27,28,29,30,31,33,34,35,36,37,38,39,61,62,63,64,65,66,67,68"
339672028,CP,"3,6,7,9,10,13,27,30,33,34,35,36,37,61,62,63,67,68,69"
31852980,PC,"1,2,3,6,10,13,28,29,30,33,36,37,61,63,64,66,67,68,69"
149302744,PC,"1,2,3,4,5,6,7,9,10,11,12,13,27,29,30,31,32,33,34,35,36,37,39,61,62,63,64,65,66,67,68,69"
149302744,PC,"1,2,3,4,5,6,7,9,10,11,12,13,27,29,30,31,32,33,34,35,36,37,39,61,62,63,64,65,66,67,68,69"
177077336,PC,"2,3,4,5,6,7,8,9,10,12,13,27,28,29,30,31,32,33,34,35,36,37,38,39,61,62,63,64,65,66,67,68"
50312495,PC,"2,13,27,28,29,67,68,69"
149349867,PC,"1,2,3,5,6,7,8,9,10,12,13,27,28,29,30,32,33,35,36,37,38,39,61,63,64,66,67,68,69"
149349867,PC,"1,2,3,5,6,7,8,9,10,12,13,27,28,29,30,32,33,35,36,37,38,39,61,63,64,66,67,68,69"
31637479,PC,"1,2,3,27,28,29,30,67,68"
266980320,CP,"1,28,68"
290131778,CP,"1,28,68"
52368076,CP,"1,2,28,68,69"
201248411,CP,"1,2,28,29,68,69"
403224672,CP,"1,27,28,68"
425997655,CP,"1,2,3,4,11,29,30,31,34,64,68,69"
425997655,CP,"1,2,3,4,11,29,30,31,34,64,68"
425997655,CP,"1,2,3,4,11,29,30,31,34,64,68,69"
425997655,CP,"1,2,3,4,11,29,30,31,34,64,68,69"
425997655,CP,"1,2,3,4,11,29,30,31,34,64,68,69"
279741379,CP,"1,2,3,4,28,29,30,34,61,64,68,69"
350618622,PC,"1,2,3,4,5,6,7,8,10,11,12,13,27,28,29,30,31,32,33,34,35,36,37,38,39,61,64,65,66,67,68"
281575427,PC,"1,2,28,29,68"
177258735,PC,"1,2,3,4,6,7,8,9,10,11,12,13,27,28,29,30,31,32,33,34,36,37,38,39,61,62,63,64,66,67,68"
300038935,CP,"1,2,3,4,5,6,7,8,9,10,11,12,13,28,29,30,31,32,33,34,35,36,38,39,61,62,63,64,65,66,67,68"
391903064,PC,"1,2,3,4,5,6,7,8,9,10,11,12,13,27,28,29,30,31,32,33,34,35,36,37,38,39,61,62,63,64,65,66,67,68"
300579472,PC,"1,28,68"
55652896,CP,"1,2,3,4,5,6,7,8,9,11,12,13,27,28,29,30,31,32,33,34,35,36,37,38,39"
456862677,CP,"17,42,43,57"
204650483,CP,"10,37"
243187830,PC,"17,57"
251848941,CP,"2,29,69"
279741379,CP,"1,2,3,4,28,29,30,34,61,64,68,69"
183985250,CP,"2,29,69"
350618622,CP,"1,2,3,4,5,6,7,8,10,11,12,13,27,28,29,30,31,32,33,34,35,36,37,38,39,61,64,65"
287326127,PC,"3,6,7,8,9,13,30,33,34,35,36,61,62,63,67,69"
261646133,PC,"1,13,28,66,67,68"
150320610,PC,"2,3,5,6,7,8,9,10,12,13,27,28,29,30,32,33,35,36,37,38,39,61,62,63,64,65,66,67,68"
52368076,CP,"1,2,28,68,69"
238004786,PC,"2,6,8,9,12,29,32,33,34,35,39,61,62"
55488511,PC,"5,31"
278683844,PC,"1,2,3,4,5,6,8,9,10,11,12,13,27,28,29,30,31,32,33,34,35,36,37,38,39,61,62,63,64,65,66,67,68"
278683844,PC,"1,2,3,4,5,6,8,9,10,11,12,13,27,28,29,30,31,32,33,34,35,36,37,38,39,61,62,63,64,65,66,67"
31852980,PC,"1,2,3,6,10,13,28,29,30,33,36,37,61,63,64,66,67,68"
150151262,CP,"3,4,5,6,7,9,10,11,13,27,29,30,31,32,33,34,36,37,39,61,62,63,64,65,66,67"
150151262,CP,"3,4,5,6,7,9,10,11,13,27,29,30,31,32,33,34,36,37,39,61,62,63,64,65,66,67"
150151262,CP,"3,4,5,6,7,9,10,11,13,27,29,30,31,32,33,34,36,37,39,61,62,63,64,65,66,67"
38571020,PC,"1,2,3,4,5,6,7,8,9,10,11,12,13,27,28,29,30,31,32,33,34,35,37,38,39,61,62,64,65,66,67"
375059587,PC,"1,2,3,4,5,6,7,9,10,11,12,13,27,28,29,30,31,32,33,34,35,36,37,38,39,61,62,63,64,65,66,67,68"
375059587,PC,"1,2,3,4,5,6,7,9,10,11,12,13,27,28,29,30,31,32,33,34,35,36,37,38,39,61,62,63,64,65,66,67,68"
380783252,PC,"13,39,66"
299799658,CP,"1,13,27,28,66,67,68"
294981566,PC,"1,3,4,5,6,7,8,9,10,11,13,27,28,30,31,32,33,34,35,36,37,38,39,61,62,63,64,65,66"
403135192,PC,"1,27,28,67,68"
278862750,PC,"1,2,3,4,5,6,7,8,9,10,11,12,13,27,28,29,30,31,32,33,35,36,37,38,39,61,62,63,64,65,66,67,68"
369345064,PC,"12,39,66"
218483943,PC,"12,39,66"
35315453,PC,"12,39,66"
142019343,PC,"1,3,4,5,6,7,8,9,10,11,13,27,28,29,30,31,33,34,35,36,37,38,39,61,62,63,64,65,66"
295593712,PC,"13,39,66"
263748033,PC,"13,39,66"
447088034,PC,"12,39,65,66"
271893367,CP,"9,10,11,12,13,27,28,29,30,31,32,33,34,35,36,37,39,61,62"
36724087,CP,"9,35,62"
434486077,PC,"9,36,62"
270472265,PC,"1,4,7,8,10,11,12,13,27,28,31,34,37,39,61,62,63"
36724087,CP,"9,35,62"
388198242,PC,"1,2,5,12,13,27,28,29,32,35,62"
4959676,PC,"8,9,35,36,62"
256429408,PC,"16,17,18,24,25,57,58"
126797048,PC,"8,35,36"
67630845,PC,"3,30"
295593712,PC,"13,39,66"
304690618,PC,"13,39,66"
304690618,PC,"13,39,66"
292221593,PC,"13,39,66"
244170332,PC,"3,30,42"
384984325,PC,"18,58"
384984325,PC,"18,58"
256783784,PC,"15,16,56"
366989877,CP,"13,27,67"
231721005,PC,"3,4,6,7,10,13,27,30,31,32,33,34,37,64,65,66,67"
190721237,PC,"8,35,62"
358579111,PC,"2,3,4,29,30,31"
266023807,PC,"15,41,55"
396234347,PC,"17,57"
455737331,PC,"17,57"
350575997,PC,"12,39,66"
291517604,PC,"12,39,66"
149788158,PC,"8,34"
194203348,PC,17
289590465,PC,"14,15,17,18,19,20,21,22,23,24,25,26,40,41,47,48,49,50,51,52,53,54,55,57,58,60"
198212955,PC,"14,15,16,17,18,19,20,21,22,23,24,25,26,40,41,48,49"
348538431,PC,"7,34,61"
278138619,PC,"1,3,4,6,7,10,11,13,27,28,30,31,33,34,37,38,39,61,64,65"
348756659,PC,"8,35,61"
241225337,PC,"20,60"
352764091,PC,"15,16,17,18,24,48,55,56,57,58"
229944666,PC,"14,15,16,17,18,19,20,21,22,23,24,25,26,40,41,47,48,49,50,51,52,53,54,55,56,57,58,60"
317060587,CP,"1,13"
259168516,CP,"14,15,16,17,18,19,20,21,22,23,24,25,26,40,41,47,48,49,50,51,52,53,54,55,56,57,58,59"
324422520,PC,"11,38,65"
94483093,PC,"12,65"
259606227,PC,"12,38,39,65"
420529106,PC,"11,38,65"
313671132,PC,"11,38,65"
313675203,PC,"11,38,65"
280031353,PC,"15,16,24,25,40,41,47,48,49,50,51,52,53,54,55,56,57,58,59,60"
280031353,PC,"15,16,24,25,40,41,47,48,49,50,51,52,53,54,55,56,57,58,59,60"
410450228,PC,"8,9,27,31,34,35,36,37,61,62,63,64"
259353953,PC,"7,34,61"
321086563,PC,"7,34,61"
284418751,PC,"7,8,33,34,35,61"
157698565,CP,"7,33,34,61"
352239069,PC,"14,15,16,17,20,23,24,26,40,41,47,50,53,54,55,56,57,58"
352239069,PC,"14,15,16,17,20,23,24,26,40,41,47,50,53,54,55,56,57,58"
288631580,PC,"14,18,19,20,24,25,26,40,41,47,52,53,58"
272236017,PC,"1,2,3,4,5,6,7,8,9,10,11,12,13,27,28,29,30,32,33,34,35,36,37,38,61,62,63,64"
321668398,CP,"14,17,20,21,24,25,26,40,41,47,50,51,52,53,54,57,58,60"
72504017,PC,"10,37,64"
302212110,PC,"11,63,64"
460984940,CP,"10,11,37,38,63"
81419525,PC,"8,9,34,35,61,62"
73228647,CP,"10,37,64"
378613125,PC,"10,11,63,64"
448358913,PC,"9,10,36,37,63,64"
193754373,PC,"14,15,41,55"
381897917,PC,"13,39"
241040309,PC,"17,18,58"
284441182,CP,"17,18,24,58"
394050135,CP,"14,18,19,20,24,25,26,40,47,52,53,58,59,60"
219875976,PC,"14,15,16,17,18,19,20,21,23,24,25,26,40,41,47,48,49,50"
230087765,PC,"14,15,16,17,18,19,20,21,22,23,24,25,26,41,47,48,49,50"
390151888,PC,"10,11,37,38,64"
161738745,PC,"10,11,37,64"
238197638,PC,"2,3,5,6,9,10,12,13,27,28,29,30,32,33,36,37,61,63,64"
154716798,CP,"14,20,26,40,47,53,59"
230127302,CP,"14,15,16,17,19,20,21,22,23,24,25,26,40,41,47,49,50,51,52,53,54,55,56,57,58,59,60"
230127302,CP,"14,15,16,17,19,20,21,22,23,24,25,26,40,41,47,49,50,51,52,53,54,55,56,57,58,59,60"
230127302,CP,"14,15,16,17,19,20,21,22,23,24,25,26,40,41,47,49,50,51,52,53,54,55,56,57,58,59,60"
288735205,CP,"14,17,18,19,20,21,24,25,26,40,41,47,48,50,51,52,53,54,55,58,59,60"
163539739,CP,"15,55,56"
219854185,CP,"14,15,16,17,18,19,20,22,23,24,25,26,40,47,48,49,50,52,53,54,55,56,57,58,59,60"
237104103,CP,"14,15,16,17,18,19,20,21,22,23,24,25,26,40,41,47,48,49,50,51,52,53,54,55,56,57,59,60"
164173105,CP,"16,56"
333473672,CP,"16,17,57"
420112589,CP,"14,15,16,17,19,20,21,22,23,24,25,26,40,41,47,49,50,51,52,54,55,56,57,58,59,60"
411608801,CP,"17,42,57"
427761355,CP,"17,18,57,58"
441739020,PC,"15,16,18,19,20,21,22,23,24,25,26,40,41,47,48,49,50,51,52,53,55,56,57,58,59,60"
28900646,CP,"19,59"
267574918,CP,"14,15,19,22,26,40,41,49,53,54,55,56,59"
233602827,CP,"14,15,16,17,18,19,20,21,23,24,25,26,40,41,47,48,49,50,51,52,53,54,55,57,58,59,60"
229400092,CP,"14,15,16,17,18,20,21,22,23,24,25,26,40,41,47,48,49,50,51,52,53,54,55,57,58,59,60"
321669174,CP,"14,17,20,21,24,25,26,40,41,47,50,52,53,54,57,58,60"
233633993,PC,"14,15,16,17,19,20,21,22,23,24,25,26,40,41,47,49,50,51,52,53,54,55,56,57,58,59,60"
428787891,CP,"19,20,25,26,40,52,53,59,60"
298663873,CP,"14,15,16,18,19,20,21,22,23,24,25,26,40,41,48,49,50,51,52,53,54,55,56,57,58,59,60"
230001847,CP,"14,15,16,17,18,19,20,21,22,23,24,25,26,40,41,47,48,49,50,51,52,54,55,56,57,58,60"
256722647,CP,"17,18,25,52,57,58"
356016119,PC,"14,15,16,17,19,20,21,22,23,24,25,26,40,47,49,50,51,52,53,54,55,56,57,58,59,60"
20318757,PC,"9,36,63"
20318757,PC,"9,36,63"
1018843,PC,"8,34,35,61,62"
456260074,PC,"20,60"
456260074,PC,"20,60"
233602827,CP,"14,15,16,17,18,19,20,21,23,24,25,26,40,41,47,48,49,50,51,52,53,54,55,57,58,59,60"
367753709,PC,"14,15,18,19,20,21,22,24,25,26,40,41,47,48,51,52,53,55,58,59,60"
180987952,PC,"8,9,35,61,62"
431514478,PC,17
294497466,PC,"9,10,35,36,62"
7439480,PC,"11,38"
233071926,PC,"14,15,16,17,18,19,20,21,22,23,24,25,40,41,47,48,49,50,51,52,54,55,56,58,59,60"
160440924,PC,"14,15,19,20,21,22,25,26,40,41,47,48,49,52,53,59,60"
219698776,PC,"14,20,40,47,53,60"
356311210,PC,"14,17,18,20,21,24,25,26,40,41,47,48,50,51,52,53,54,55,56,57,58,59,60"
233617847,PC,"14,15,16,17,18,20,21,23,24,25,26,40,41,47,48,49,50,51,52,53,54,55,57,58,59,60"
453387619,PC,"20,47,60"
15863518,PC,"20,60"
470987100,PC,"20,47,60"
232650365,PC,"14,15,16,19,22,25,26,40,41,49,52,53,54,55,56,57,58,59,60"
237099296,PC,"14,16,17,18,19,20,21,22,23,24,25,26,40,41,47,48,49,50,51,52,53,54,55,56,57,58,59,60"
287139872,PC,"14,15,16,17,18,19,20,21,22,23,24,25,26,40,41,47,48,49,50,51,52,53,55,56,57,58,59,60"
332477926,PC,"14,15,16,17,18,19,20,21,23,24,25,26,40,41,47,48,49,50,51,52,53,54,55,57,58,59,60"
160045097,PC,"14,15,20,21,22,40,41,47,48,53,60"
229586455,PC,"14,15,16,17,18,19,20,21,22,23,24,25,26,40,41,47,48,49,50,51,52,53,54,55,56,57,58,59,60"
219436394,PC,"14,15,20,21,26,40,41,47,48,53,60"
236934937,PC,"15,16,17,18,21,24,25,41,48,51,52,55,56,57,58,59"
229608594,PC,"14,15,16,17,18,19,20,21,22,23,24,25,26,41,47,48,50,51,52,53,54,55"
142784687,PC,"14,20,21,40,41,47,60"
207339000,PC,"14,20,40,47,53,60"
154474036,PC,"14,20,21,40,41,47,48,60"
165530380,PC,"14,15,16,17,18,19,20,21,23,24,25,26,40,41,47,48,49,50,51,52,53,54"
422756130,CP,"18,19,24,25,52,58,59"
23814735,PC,"16,23,50"
156199502,PC,"14,19,21,26,41,53,60"
341630071,PC,"14,19,20,26,40,47,53,60"
71347873,PC,"20,26,40,47,53,60"
372264750,PC,"16,17,18,24,57,58"
277566483,PC,"15,16,55,56,57"
418959198,PC,"16,56"
294471966,PC,"14,15,16,41,54,55,56"
298647682,PC,"14,15,18,21,24,25,26,40,41,48,51,52,54,55,58,59,60"
288636342,PC,"14,15,17,18,19,20,21,23,24,25,26,40,41,47,48,50,51,52,53,54,55,57,58,59,60"
288636342,PC,"14,15,17,18,19,20,21,23,24,25,26,40,41,47,48,50,51,52,53,54,55,57,58,59,60"
22705558,PC,"20,47,60"
224596152,PC,"14,15,16,17,18,19,20,22,23,24,25,26,40,41,47,48,49,50,52,53,54,55,56,57,58,59,60"
232635922,PC,"14,15,16,18,19,22,25,26,40,41,48,49,52,53,55,56,57,58,59,60"
287139872,PC,"14,15,16,17,18,19,20,21,22,23,24,25,26,40,41,47,48,49,50,51,52,53,55,56,57,58,59,60"
364074068,PC,"17,18,19,24,40,50,52,53,57,58,59,60"
367753709,PC,"14,15,18,19,20,21,22,24,25,26,40,41,47,48,51,52,53,55,58,59,60"
424391516,PC,"14,15,16,17,18,19,20,21,23,24,25,26,40,41,47,48,49,50,51,53,54,55,56,57,58,60"
435680451,PC,"18,19,52,58,59"
272758199,PC,"14,15,16,17,19,20,21,22,23,26,40,41,47,49,50,52,53,54,56,57,60"
198360694,PC,"14,15,17,18,19,20,21,22,23,24,25,26,40,41,47,48,49,50,51,52,53,54,55,56,57,58,59,60"
367739494,PC,"14,15,19,20,21,25,26,40,41,47,48,52,53,55,59,60"
321669174,PC,"14,17,20,21,24,25,26,40,41,47,50,52,53,54,57,58,60"
230387153,PC,"14,15,17,18,19,20,21,22,23,24,25,26,40,41,47,48,49,50,51,52,53,54,55,56,57,58,59"
402898317,PC,"15,16,17,18,19,20,22,23,24,25,40,48,49,50,52,53,55,56,57,58,59,60"
160491359,PC,"14,15,16,17,19,20,22,23,25,26,40,47,48,49,50,52,53,54,56,59,60"
235943205,PC,"17,18,19,20,23,24,25,26,40,47,50,53,54,57,58,59,60"
441798995,PC,"14,15,16,17,18,19,20,21,22,23,24,25,26,40,41,47,48,49,50,51,52,53,54,55,56"
441798995,PC,"14,15,16,17,18,19,20,21,22,23,24,25,26,40,41,47,48,49,50,51,52,53,54,55,56,57,58,59,60"
142117976,PC,"19,20,25,26,40,52,53,59,60"
272679240,PC,"14,15,16,17,20,21,22,23,26,40,41,47,48,49,50,54,56,57,60"
198456933,PC,"14,15,16,17,18,19,20,21,22,23,24,25,26,40,41,47,48,49,50,51,52,53,54,55,56,57,58,59,60"
237211410,PC,"14,15,16,17,18,19,20,21,22,23,24,25,26,41,47,48,49,50,51,52,53,54,56,57,58,59,60"
237201858,PC,"14,15,16,17,18,19,20,21,22,23,24,25,40,41,47,48,49,50,52,54,55,56,57,58,59,60"
321688498,PC,"17,18,24,25,57,58"
233500935,PC,"14,15,16,17,18,19,20,21,22,23,24,25,26,40,41,48,49,50,51,52,53,54,55,56,58,59,60"
462553953,PC,"20,21,47,48,49,53,60"
420268415,PC,"18,19,20,25,26,40,47,52,53,59,60"
362103298,PC,"14,15,16,19,22,25,26,40,41,48,49,52,53,57,58,59,60"
154923406,PC,"14,19,20,21,26,40,47,53,59,60"
441804533,PC,"16,17,22,47,48,49,50,51,52,53,54,55,56,57,58,59,60"
328933398,PC,"20,21,40,41,47,52,53,59,60"
307210830,CP,"2,5,8,9,10,11,12,28,29,32,35,36,37,38,39,61,62,63"
145879095,PC,"8,9,35,36,62,63"
280206394,CP,"9,10,35,36,62,63"
429304876,CP,"9,36,63"
310009611,PC,"9,10,36,63"
463402815,PC,"9,10,36,37,63"
304142124,CP,"10,36,37,63"
142378043,PC,"10,37,63"
464300749,CP,"9,10,36,37,63"
462162948,PC,"9,10,36,37,63"
74534430,PC,"8,9,35,36,62,63"
106402532,CP,"9,36,63"
460205581,CP,"10,11,37,38,63"
146172354,PC,"9,36,63"
80682484,PC,"10,36,37,63"
360714300,PC,"9,10,11,36,37,63"
307079330,PC,"10,36,37,63"
347013211,PC,"17,24,57"
154353849,PC,"16,56,57"
181748381,PC,"8,9,35,61,62"
291471222,PC,"7,8,9,33,34,35,61,62"
181304295,PC,"8,35,61,62"
413248763,CP,"8,35,62"
408310006,CP,"8,35,62"
238061845,PC,"6,8,33,34,35,61,62"
141363913,PC,"8,9,35,61,62"
190496853,CP,"8,9,35,62"
22221375,CP,"9,35,62"
34068865,CP,"9,35,36,62"
11936042,PC,"9,35,36,62"
192988021,PC,"9,35,36,62"
385858569,PC,"9,10,35,36,62"
118914286,PC,"8,35,61,62"
94986319,CP,"5,6,32"
101011575,CP,"8,34,61"
261136679,CP,"1,4,8,11,12,13,27,28,31,34,38,39,61,62"
19519368,PC,"7,34,61"
173640199,PC,"7,8,34,61"
133334108,PC,"7,8,34,35,61,62"
73038411,PC,"7,34,61"
88684250,PC,"7,34,61"
96925186,PC,"6,7,33,34,61"
88863718,PC,"7,34,61"
379929661,CP,"7,34,61"
65412605,CP,"7,33,34,61"
409794137,CP,"7,8,34,61"
19342878,CP,"7,34,61"
154459165,PC,"7,8,34,61"
114018671,PC,"7,34,61"
230087585,PC,"14,16,17,18,19,20,21,22,23,24,25,26,40,41,47,48,49,51,52,53,54,55,60"
288636599,PC,"14,17,18,19,20,21,24,25,26,40,41,47,48,50,51,52,53,54,55,58"
245509452,CP,"18,58"
159873822,CP,"16,23,24,50,51"
198186769,PC,"14,15,16,17,18,19,20,21,22,23,24,25,26,40,41,47,48,49,50,51,52,53,54,55,59"
87090944,PC,"19,59"
446158352,PC,"19,20,25,40,47,52"
126606859,CP,"15,41,55"
233211762,PC,"14,15,16,17,18,19,21,22,24,25,26,41,47,48,49,51,52,53,54,55"
294471966,PC,"14,15,16,41,54,55"
356158613,PC,"14,15,41,54,55"
272672133,PC,"14,15,16,17,20,21,22,23,40,41,47,48,49,50,54"
229750058,PC,"14,15,17,18,19,20,21,22,23,24,25,26,40,41,47,48,49,50,51,52,53,54,55"
160491359,PC,"14,15,16,17,19,20,22,23,25,26,40,47,48,49,50,52,53,54"
219175972,PC,"1,5,7,11,28,31,32,33,34"
101011575,CP,"8,34,61"
348835438,CP,"8,35,61"
160077104,PC,"14,19,20,25,26,40,47,52,53"
219742885,PC,"14,15,16,17,18,19,20,21,22,23,24,25,26,40,41,47,48,50,51,52,53,54,55"
48031665,PC,"14,26,40,41,53,54,55"
336075472,PC,"14,26,40,41,52,53,54"
47601197,PC,6
286000547,PC,"8,35"
470381900,CP,"19,59"
104986789,PC,"19,59"
286696849,PC,"19,59"
439456714,CP,"3,30"
100990000,CP,"3,4,30,31"
100990000,CP,"3,4,30,31"
417948359,CP,"15,16,22,49"
243185500,CP,"17,42,43"
243185500,CP,"17,42,43"
394722182,CP,"12,13,27,39"
280031353,PC,"15,16,24,25,40,41,47,48,49,50,51,52,53,54,55"
70524163,CP,"3,30"
44898913,CP,"4,5,31,32"
354944123,CP,"13,27"
354944123,CP,"13,27"
233617847,PC,"14,15,16,17,18,20,21,23,24,25,26,40,41,47,48,49,50,51,52,53,54,55,57,58,59,60"
29119552,PC,"20,47,60"
230386259,PC,"14,15,16,17,18,20,21,23,24,25,26,40,41,47,48,49,50,51,52,53,54,55,57,58,59,60"
356472238,PC,"20,47,60"
230064711,PC,"14,15,16,17,21,22,23,41,47,48,49,54"
230127302,CP,"14,15,16,17,19,20,21,22,23,24,25,26,40,41,47,49,50,51,52,53,54,55"
241076290,PC,"18,58"
27491137,CP,"16,23,50"
282576340,PC,"6,33"
282576340,PC,"6,33"
235683377,CP,"14,15,16,17,18,19,20,21,22,23,24,25,26,40,41,47,48,49,50,51,52,53,54,55"
67418624,PC,"18,58"
422923265,PC,"18,58"
127505658,PC,"19,43,44,45"
171160243,PC,"19,43,44,59"
233953967,PC,"14,15,16,41,55,56"
198206613,PC,"14,15,16,17,18,19,20,21,22,23,24,25,26,40,41,47,48,49,50,51,52,53,54,55,56"
232650365,PC,"14,15,16,19,22,25,26,40,41,49"
230387153,PC,"14,15,17,18,19,20,21,22,23,24,25,26,40,41,47,48,49,50,51,52,53,54,55,56"
341815197,PC,"14,15,17,18,20,21,23,24,25,26,40,41,47,48,50,51,52,53,54,55,56"
233068569,PC,"14,15,16,17,18,19,20,21,22,23,24,25,40,41,47,48,49,50,51,52,54,55,56"
164150537,PC,"16,56"
422385684,PC,"16,17,18,24,56"
81831095,PC,"18,19,58,59"
234832821,PC,"6,33"
233047097,PC,"14,15,16,17,18,19,20,21,22,23,24,25,26,40,41,47,48,50,51,52"
42054565,PC,"3,30"
299023386,PC,"9,10,35,37"
83154030,PC,"10,37"
220547837,PC,"9,10,36,37"
295541511,PC,"13,39"
389924075,PC,"1,2,4,5,6,7,8,9,10,11,12,39"
334125713,PC,"10,11,37"
318828309,PC,"10,11,37"
437329044,PC,"11,37"
311179742,PC,"12,13,39"
124515764,PC,"10,37"
380836882,PC,"13,39"
20579360,PC,"10,37"
382045742,PC,"1,2,3,4,5,6,7,8,9,10,11,12,13,27,29,30,31,32,33,34,35,36,37"
157768969,PC,"14,20,21,40,41,47,53"
24358417,CP,"5,6,32"
173612049,PC,"16,17,57"
269558487,PC,"3,30,42,43"
202504234,PC,"14,15,16,21,22,23,41,48,50"
154383539,PC,"15,16,22,23,49,50"
427730490,PC,"17,18,24,25,52"
284477310,PC,"14,15,16,20,23,26,40,41,47,50"
436166416,PC,"14,15,41"
355867695,CP,"14,21,41,47,48"
237086564,PC,"15,17,24,55"
298428237,PC,"14,15,41,55"
395171208,CP,"15,16,56"
119700084,PC,"16,56"
387409975,PC,"16,17,18,19,22,24,25,49,52,56"
284688043,PC,"14,40,41,54"
280437559,CP,"7,34"
198241702,PC,"14,15,16,17,18,19,20,21,22,23,24,25,26,40,41,47,48,49,50,51,52"
356867115,PC,"14,15,16,17,18,19,20,21,23,24,25,26,40,41,47,48,49,50"
367630162,PC,"14,19,20,26,40,47"
353038705,PC,"15,16,56"
328933398,PC,"14,19,20,21,26,40,41,47,52"
441642457,PC,"15,16,22,23,48,49"
356700488,PC,"14,16,17,18,19,20,21,22,23,24,25,26,40,41,47,48,49,50"
154568734,PC,"14,15,21,40,41,47,48"
170789802,PC,"5,32"
233529335,PC,"14,15,16,17,19,20,21,22,23,24,25,26,40,41"
355867695,CP,"14,21,41,47,48"
355867695,CP,"14,21,41,47,48"
467179528,CP,"14,15,21,22,41,48,49"
467179528,CP,"14,15,21,22,41,48,49"
4897275,CP,"21,48"
27491137,CP,"16,23,50"
198485881,CP,"14,20,21,26,40,41,47,48"
259172391,PC,"14,15,16,17,18,19,20,21,22,23,25,26,40,41,47,48,49,50,51,52"
259172391,PC,"14,15,16,17,18,19,20,21,22,23,25,26,40,41,47,48,49,50,51,52"
405763009,PC,"14,15,16,41"
167661160,PC,"5,6,32"
393940766,CP,"1,28"
394657039,PC,"1,2,12,13,28,32,39"
348770361,PC,"1,12,13,27,28,39"
149990841,PC,"1,2,4,5,7,8,9,11,12,27,28,29,31,32,34,35,36,37"
183120439,CP,"13,27,28"
394698182,PC,"12,13,27,28,39"
29857954,CP,"1,28"
89389197,PC,"14,54"
459969957,PC,"14,15,17,18,19,20,21,22,23,24,25,26,40,41,47,48,49,50,51,52,54,55"
172370679,CP,"14,15,41,53"
21279791,PC,"14,25,26,40,41,52,53,54"
120826158,PC,"14,40,41,54"
229781583,PC,"14,15,16,17,18,19,20,21,22,23,25,26,40,41,47,48,49,50,51,52"
416195870,PC,"14,15,16,17,19,20,22,23,25,26,40,41,47,49,50,52"
441797803,PC,"14,15,16,17,18,19,21,22,24,25,41,47,48,49,50,51,52"
1884091865,PC,"14,15,16,17,18,19,20,21,22,23,24,25,26,40,41,47,48,49,50,51,52"
235905185,PC,"14,17,18,19,20,21,23,24,25,26,40,41,47,50,51,52,53,54"
159332859,PC,"14,15,19,20,21,25,26,40,41,48,52"
373017346,PC,"18,19,20,25,26,40,47,52"
263218688,PC,"14,41,54"
120826158,CP,"14,40,41,53,54"
47525799,PC,"2,29"
188570092,CP,"2,42"
396740648,CP,"19,20"
27491137,CP,"16,23,50"
236934268,PC,"15,16,17,18,21,24,25,41,48,51"
383721338,PC,"14,26,40,41,53"
313425396,PC,"14,20,21,26,40,41,47,48,53"
384513078,PC,"12,13"
166086403,PC,"15,16,21,22,23,41,48,49"
387260717,PC,"16,17,18,19,22,24,25,49"
234489133,PC,"7,34"
98753307,PC,"10,36,46"
110996418,PC,"10,46"
416534875,PC,"14,21,41,48"
351603103,PC,"13,27"
124029677,CP,"6,33"
29191596,PC,"21,48"
900715901,PC,"14,20,21,40,41,47,48"
71013298,PC,"5,32"
148883384,PC,"7,33"
6276559,PC,"7,34"
303317324,PC,"2,29"
335040423,PC,"10,37"
467153319,PC,"20,47"
285048486,CP,"20,47"
441589581,PC,"20,26,40,47"
127530399,CP,"11,38"
273985865,PC,"1,12,13,27,28,39"
231721006,PC,"3,4,6,7,10,13,27,30,31,32,33,34,37"
159107668,PC,"14,15,40,41"
149845414,CP,"8,34"
458647887,PC,"7,34"
193220940,PC,"9,36"
167905035,PC,"9,35,36"
128531633,PC,"11,38"
250306572,PC,"11,38"
277697921,PC,"8,45,46"
260647166,CP,"10,11,37"
219778329,PC,"14,15,16,17,18,19,20,21,22,23,25,26,40,41"
284361752,PC,"14,15,16,26,40"
165554103,PC,"14,15,16,17,18,19,20,21,22,23,24,25,26,40,41"
372730331,PC,"21,48"
264171144,PC,"14,15,16,17,18,19,21,22,24,25,26,40"
4070275,PC,"5,32"
260417932,PC,"1,2,4,5,6,7,8,9,11,12,28,29,31,32,33,34,35,36,38,39"
355800238,PC,"8,9,10,35,36,37"
310294189,PC,"11,37,38"
67535663,PC,"10,11,37"
454038613,PC,"10,37"
450649506,PC,"11,37,38"
308191940,PC,"10,11,37,38"
241442273,PC,"11,38"
141608198,PC,"1,2,3,4,5,7,8,9,10,11,12,13,27,28,29,30,31,32,33,34,35,37,38,39"
149302744,PC,"1,2,3,4,5,6,7,9,10,11,12,13,27,29,30,31,32,33,34,35,36,37,39"
238932509,PC,"1,2,5,6,7,8,11,12,28,31,32,33,34,35,38"
210873792,PC,"12,39"
248092710,PC,"10,11,37"
299780329,PC,"1,13,28,39"
165827520,PC,"11,37"
451645081,PC,"10,37"
287776397,PC,"3,6,10,11,12,13,30,33,36,37,39"
38467100,PC,"1,2,3,4,5,8,11,28,29,30,31,32,35,38"
140687214,PC,"1,2,3,4,5,6,7,8,9,10,11,12,13,27,28,29,30,31,32,33,34,35,36,37,38,39"
202185707,PC,"6,33"
144297844,PC,"9,36,46"
115453244,PC,"19,43,44,45"
112026224,PC,"14,40,41"
159400561,PC,"14,19,20,21,25,26,40,41"
439867639,CP,"4,31"
63898957,CP,3
13883872,PC,"4,5,31,32"
94986319,CP,"5,6,32"
281408474,CP,6
139375960,CP,18
317134140,PC,"6,32,33"
177414713,PC,"7,33"
311130133,PC,"5,32"
28294709,PC,"17,42,43"
234523599,CP,"1,2,28,29"
158297421,CP,"13,27"
237913194,CP,"1,2,28,29"
394137592,CP,1
265612438,PC,"1,27,28"
369457671,PC,"1,27"
14091704,PC,"5,6,32"
441462736,CP,"2,29"
178155732,CP,"4,30,31"
178155732,CP,"4,30,31"
98796344,CP,"4,31"
146282666,PC,"3,30"
70513361,CP,"3,30"
120916706,CP,"3,30"
257067559,PC,"7,34"
112316665,PC,"7,34"
284122875,PC,"7,33"
292202337,PC,"11,38"
306510653,PC,"1,2,3,4,5,6,7,8,9,10,11,12,13,27,28,29,30,31,32,33,34,35,36,37,38"
410153553,CP,"1,27"
251848941,CP,2
76923707,CP,"2,29"
63898957,CP,"3,30"
259377017,CP,"3,4,5,30,32"
259377017,CP,"3,4,5,30,32"
122613513,PC,"3,4,30"
220459976,PC,"2,3"
201292545,PC,"1,2"
229111835,PC,2
316769613,PC,"2,29"
66413476,PC,"2,3,29"
33911302,PC,2
80432617,PC,2
178155732,CP,"3,4,30,31"
257605131,CP,"4,5,31"
257605131,CP,"4,5,31"
257605131,CP,"4,5,31"
89256802,PC,"4,31"
64071894,PC,"4,30,31"
100608026,PC,"5,6,32,33"
49771092,PC,"6,33"
50618703,CP,"6,32"
161477033,PC,"4,5,31,32"
161477033,PC,"4,5,31,32"
92992033,PC,6
72090501,PC,"6,33"
77156829,CP,"4,5,31,32"
396720998,PC,"3,4,5,30,31,32"
30122649,PC,"8,9,35,36"
33595516,CP,3
14165625,PC,"5,6"
34077285,PC,"6,33"
66561343,CP,"6,33"
123958679,PC,"6,33"
214361331,PC,"12,39"
100921768,PC,"3,4,30,31"
146520535,CP,5
399871011,PC,5
65212867,PC,"7,34"
253728991,PC,13
160487753,PC,"15,16,19"
231736113,CP,"4,5,6,31,32,33"
177244357,PC,17
288348498,PC,17
445144327,PC,"17,18"
201186294,CP,18
190223929,PC,20
174041208,PC,"16,17"
21535395,CP,21
229938290,PC,21
264544388,PC,"17,18,19"
174302697,PC,"16,17"
179319057,PC,"11,38"
267414551,PC,"10,11"
219466784,PC,"14,20,21,22"
158075010,PC,"16,23"
219462190,PC,"14,15,20,21,22"
143410850,PC,"13,27"
96973930,PC,"13,27"
198178505,PC,"14,15,16,17,18,19,21,22,24,25"
168751223,PC,"4,5,31"
200743403,PC,"3,4,30,31"
166834768,PC,"4,31"
317483660,PC,"6,33"
317019074,PC,"6,32,33"
32925763,PC,"6,32,33"
30947715,PC,6
436102447,PC,6
204671232,PC,10
220068921,PC,6
347357977,PC,"8,34,35"
306337838,PC,"3,30"
1525480,PC,"9,35"
197807043,PC,"2,4,29,30,31"
298164705,PC,"15,16"
142868621,PC,"4,31"
170729775,PC,"4,5,31,32"
67782629,PC,"5,32"
71088556,PC,"5,32"
248650906,PC,"5,32"
262258341,PC,"5,32"
117938087,PC,"5,32"
443127052,PC,"6,33"
354519019,PC,"5,6,32,33"
124491883,PC,"6,33"
59842822,PC,"6,33"
47720259,PC,"6,33"
443213925,PC,"6,33"
52059926,PC,"1,2,28,29"
219332978,PC,"1,28"
204698337,PC,10
443115574,PC,"6,33"
31054498,PC,"5,6,32"
441155146,PC,1
248655556,PC,"5,32"
160037058,PC,"1,28"
229167359,PC,"6,33"
220139435,PC,"6,33"
235333495,PC,"6,33"
297148017,PC,"10,37"
421951960,PC,"1,28"
176780257,PC,"4,30,31"
7422496,PC,"5,6,31,32,33"
65416038,PC,"3,30,31"
72668830,PC,"3,30"
28116365,PC,"3,30"
200296137,PC,"5,32"
372068780,PC,"13,27"
372068780,PC,"13,27"
122617317,PC,"3,4,30,31"
122617317,PC,"3,4,30,31"
157115010,PC,"6,7,33,34"
325081244,PC,"13,27"
77175217,PC,"4,5,31,32"
32498058,PC,"5,6,32,33"
237332812,PC,"1,28"
332715376,PC,"4,31"
325682877,PC,"4,31"
66620917,PC,"12,39"
429791387,PC,"12,39"
208297760,PC,"12,39"
352229268,PC,"13,27,39"
326386495,PC,"13,39"
418255064,PC,"11,12,38,39"
